Date,10yr Tbond,2yr Spread,Fedrate,% Change Payrolls,CPI,% Change 12M,Recession
1976-06-01,7.86,0.8,5.48,0.00080693968125883,56.7,0.091204664,0.0
1976-07-01,7.83,0.98,5.31,0.0021543035678291,57.0,0.153168325,0.0
1976-08-01,7.77,1.14,5.29,0.0019736759400103,57.3,0.16932703699999999,0.0
1976-09-01,7.59,1.17,5.25,0.0023587272909766,57.6,0.22697542,0.0
1976-10-01,7.41,1.43,5.02,0.00023782105842888,57.9,0.144671944,0.0
1976-11-01,7.29,1.48,4.95,0.0041170802517801,58.1,0.11245933,0.0
1976-12-01,6.87,1.49,4.65,0.00259222333001,58.4,0.175200098,0.0
1977-01-01,7.21,1.31,4.61,0.00300815433572,58.7,0.011533451,0.0
1977-02-01,7.39,1.3,4.68,0.0036931466104846,59.3,0.0011026010000000001,0.0
1977-03-01,7.46,1.37,4.69,0.0049760458339507,59.6,-0.043249437,0.0
1977-04-01,7.37,1.41,4.73,0.0041405069356563,60.0,-0.031989903,0.0
1977-05-01,7.46,1.21,5.35,0.0044048551292091,60.2,-0.041371126,0.0
1977-06-01,7.28,1.15,5.39,0.0048728194133125,60.5,-0.037120847,0.0
1977-07-01,7.33,1.06,5.42,0.0041945495102318,60.8,-0.045388224000000005,0.0
1977-08-01,7.4,0.79,5.9,0.0029094333244803,61.1,-0.06151786099999999,0.0
1977-09-01,7.34,0.63,6.14,0.0055010532651219,61.3,-0.086389607,0.0
1977-10-01,7.52,0.41,6.47,0.0032083512905234,61.6,-0.108280289,0.0
1977-11-01,7.58,0.44,6.51,0.0044510739856802,62.0,-0.07386687,0.0
1977-12-01,7.69,0.51,6.56,0.0028156297149917,62.3,-0.122189727,0.0
1978-01-01,7.96,0.47,6.7,0.0021798365122616,62.7,-0.13382545699999998,0.0
1978-02-01,8.03,0.46,6.78,0.0041846939499255,63.0,-0.137000769,0.0
1978-03-01,8.04,0.46,6.79,0.006027216650186,63.4,-0.098250885,0.0
1978-04-01,8.15,0.41,6.89,0.0082143692955769,63.9,-0.016490361999999998,0.0
1978-05-01,8.35,0.34,7.36,0.0040272974164945,64.5,0.011584687,0.0
1978-06-01,8.46,0.22,7.6,0.0050977354957288,65.0,-0.05051840900000001,0.0
1978-07-01,8.64,0.15,7.81,0.0029212190914319,65.5,0.018343641,0.0
1978-08-01,8.41,0.04,8.04,0.003199394523187,65.9,0.065203578,0.0
1978-09-01,8.42,-0.15,8.45,0.0015774493330133,66.5,0.060399145999999994,0.0
1978-10-01,8.64,-0.21,8.96,0.0038232843724678,67.1,0.008733745,0.0
1978-11-01,8.81,-0.61,9.76,0.0049456546455046,67.5,-0.0013718670000000001,0.0
1978-12-01,9.01,-0.71,10.03,0.0031677433222839,67.9,0.010564431,0.0
1979-01-01,9.1,-0.76,10.07,0.0015450372726145,68.5,0.11302852,0.0
1979-02-01,9.1,-0.62,10.06,0.0027812809656788,69.2,0.10089280800000001,0.0
1979-03-01,9.12,-0.67,10.09,0.0047611026893493,69.9,0.129951936,0.0
1979-04-01,9.18,-0.6,10.01,-0.00069290001005823,70.6,0.049660235,0.0
1979-05-01,9.25,-0.53,10.24,0.0041602827202881,71.4,0.018745496,0.0
1979-06-01,8.91,-0.31,10.29,0.0035527737250665,72.2,0.074414535,0.0
1979-07-01,8.95,-0.19,10.47,0.0012096595196875,73.0,0.030615116,0.0
1979-08-01,9.03,-0.43,10.94,0.00092000399037875,73.7,0.056738785,0.0
1979-09-01,9.33,-0.73,11.43,0.00029900332225914,74.4,0.064026385,0.0
1979-10-01,10.3,-1.19,13.77,0.0017049165808673,75.2,0.08899543,0.0
1979-11-01,10.65,-1.16,13.18,0.0010167880549508,76.0,0.11423345900000001,0.0
1979-12-01,10.39,-1.0,13.78,0.0010930409724752,76.9,0.11608215599999999,0.0
1980-01-01,10.8,-0.7,13.82,0.0014116816657844,78.0,0.133131067,1.0
1980-02-01,12.41,-1.01,14.13,0.00091409691629956,79.0,0.165950969,1.0
1980-03-01,12.75,-2.13,17.19,0.0012213505276014,80.1,0.004909672,1.0
1980-04-01,11.47,-1.03,17.61,-0.0015935116601095,80.9,0.043554098,1.0
1980-05-01,10.18,0.73,10.98,-0.004722121322194,81.7,0.115762387,1.0
1980-06-01,9.78,1.05,9.47,-0.0035279805352798,82.5,0.10444662199999999,1.0
1980-07-01,10.25,1.22,9.03,-0.0028967492036714,82.6,0.158750159,1.0
1980-08-01,11.1,0.57,9.61,0.0028829029385574,83.2,0.112851572,0.0
1980-09-01,11.51,-0.06,10.87,0.0012652748643159,83.9,0.137707614,0.0
1980-10-01,11.75,-0.34,12.81,0.0030705109019764,84.7,0.224674502,0.0
1980-11-01,12.68,-0.83,15.85,0.0028400928279368,85.6,0.280402428,0.0
1980-12-01,12.84,-1.24,18.9,0.0021598510143586,86.4,0.22931304800000002,0.0
1981-01-01,12.57,-0.69,19.08,0.00098963086768635,87.2,0.12646592199999998,0.0
1981-02-01,13.19,-0.73,15.93,0.00079092197335032,88.0,0.14404473,0.0
1981-03-01,13.12,-0.45,14.7,0.0011525163273146,88.6,0.28680014800000003,0.0
1981-04-01,13.68,-0.47,15.72,0.00080035083872382,89.1,0.222748303,0.0
1981-05-01,14.1,-1.36,18.52,0.00014241425018897,89.7,0.17557161899999998,0.0
1981-06-01,13.47,-1.04,19.1,0.0021249561864704,90.5,0.138497665,0.0
1981-07-01,14.28,-1.07,19.04,0.0012132473494371,91.5,0.073273989,1.0
1981-08-01,14.94,-1.34,17.82,-0.00039300880994749,92.2,0.0033446540000000003,1.0
1981-09-01,15.32,-1.14,15.87,-0.00096106590946322,93.1,-0.076846262,1.0
1981-10-01,15.15,-0.39,15.08,-0.0010603758321764,93.4,-0.04476206,1.0
1981-11-01,13.39,0.51,13.31,-0.0022871525497921,93.8,-0.10629403800000001,1.0
1981-12-01,13.72,0.43,12.37,-0.0030272784108982,94.1,-0.10236945,1.0
1982-01-01,14.59,0.02,13.22,-0.0036305627372243,94.4,-0.073247381,1.0
1982-02-01,14.43,-0.39,14.78,-2.2083586374427e-05,94.7,-0.148895496,1.0
1982-03-01,13.86,-0.33,14.68,-0.001424422777514,94.7,-0.19451323,1.0
1982-04-01,13.87,-0.33,14.94,-0.0031404117920251,95.0,-0.131543384,1.0
1982-05-01,13.62,-0.16,14.45,-0.00047698280643372,95.9,-0.16983478800000001,1.0
1982-06-01,14.3,-0.17,14.15,-0.0026856958948805,97.0,-0.179870526,1.0
1982-07-01,13.95,0.15,12.59,-0.0038279641684749,97.5,-0.200916869,1.0
1982-08-01,13.06,0.74,10.12,-0.0017649490063784,97.7,-0.027075521,1.0
1982-09-01,12.34,0.56,10.31,-0.0020142564596086,97.7,0.035844903,1.0
1982-10-01,10.91,0.72,9.71,-0.0030947602121481,98.1,0.092629079,1.0
1982-11-01,10.55,0.75,9.2,-0.001360972701812,98.0,0.09203108300000001,1.0
1982-12-01,10.54,0.88,8.95,-0.00016894555447931,97.7,0.13768429199999999,0.0
1983-01-01,10.46,1.13,8.68,0.0024670218877787,97.9,0.187981042,0.0
1983-02-01,10.72,1.08,8.51,-0.00082031688953815,98.0,0.26925677800000003,0.0
1983-03-01,10.51,0.85,8.77,0.0019456346930283,98.1,0.312034839,0.0
1983-04-01,10.4,0.83,8.8,0.003075541587159,98.8,0.345108769,0.0
1983-05-01,10.38,0.89,8.63,0.0031332527639765,99.2,0.372574002,0.0
1983-06-01,10.85,0.67,8.98,0.0042055240729999,99.4,0.424890197,0.0
1983-07-01,11.38,0.69,9.37,0.0046211439552993,99.8,0.41737758700000005,0.0
1983-08-01,11.85,0.78,9.56,-0.003405685725975,100.1,0.31890238,0.0
1983-09-01,11.65,0.86,9.45,0.012404442521275,100.4,0.321423813,0.0
1983-10-01,11.54,0.97,9.48,0.0029918791850691,100.8,0.201370703,0.0
1983-11-01,11.69,1.03,9.34,0.0038789335664336,101.1,0.18330759100000002,0.0
1983-12-01,11.83,0.99,9.47,0.0038639455782313,101.4,0.159317672,0.0
1984-01-01,11.67,1.03,9.56,0.0048032093678846,102.1,0.11746181300000001,0.0
1984-02-01,11.84,1.05,9.59,0.0052226646380283,102.6,0.059010302,0.0
1984-03-01,12.32,1.01,9.91,0.002919802054596,102.9,0.039859097999999996,0.0
1984-04-01,12.63,0.94,10.29,0.0038853032784253,103.3,-0.02699862,0.0
1984-05-01,13.41,0.94,10.32,0.0032625383828045,103.5,-0.075705568,0.0
1984-06-01,13.56,0.65,11.06,0.004048970222534,103.7,-0.09020516199999999,0.0
1984-07-01,13.36,0.48,11.23,0.0032811524254067,104.1,-0.076021483,0.0
1984-08-01,12.72,0.29,11.64,0.002563588602053,104.4,0.013773318,0.0
1984-09-01,12.52,0.32,11.3,0.0032831046384376,104.7,0.00018062400000000002,0.0
1984-10-01,12.16,0.56,9.99,0.0029891760362477,105.1,0.015411013999999999,0.0
1984-11-01,11.57,0.92,9.43,0.0036913488586098,105.3,-0.017092313,0.0
1984-12-01,11.5,1.32,8.38,0.0013023275197433,105.5,0.013908837,0.0
1985-01-01,11.38,1.45,8.35,0.0027573433776936,105.7,0.094636803,0.0
1985-02-01,11.51,1.34,8.5,0.0013593159838957,106.3,0.142863088,0.0
1985-03-01,11.86,1.15,8.58,0.0035128441602852,106.8,0.12658124,0.0
1985-04-01,11.43,1.34,8.27,0.0020239152433861,107.0,0.11652568599999999,0.0
1985-05-01,10.85,1.46,7.97,0.0028236361013211,107.2,0.230357583,0.0
1985-06-01,10.16,1.47,7.53,0.0015106050641236,107.5,0.225100193,0.0
1985-07-01,10.31,1.54,7.88,0.0019392770293149,107.7,0.236828813,0.0
1985-08-01,10.33,1.39,7.9,0.0019662461084712,107.9,0.123711686,0.0
1985-09-01,10.37,1.39,7.92,0.0020952575633688,108.1,0.091856109,0.0
1985-10-01,10.24,1.38,7.99,0.0019174868682748,108.5,0.133546506,0.0
1985-11-01,9.78,1.2,8.05,0.0021377744749728,109.0,0.211806738,0.0
1985-12-01,9.26,1.11,8.27,0.0016862549901974,109.5,0.23375432699999998,0.0
1986-01-01,9.19,1.05,8.14,0.0012473506475068,109.9,0.16464878800000002,0.0
1986-02-01,8.7,0.73,7.86,0.0011647692743994,109.7,0.22510655,0.0
1986-03-01,7.78,0.57,7.48,0.00088014810768157,109.1,0.279428195,0.0
1986-04-01,7.3,0.6,6.99,0.0018901489882144,108.7,0.269783881,0.0
1986-05-01,7.71,0.64,6.85,0.0012812622955781,109.0,0.266151504,0.0
1986-06-01,7.8,0.62,6.92,-0.0009370465903595,109.4,0.268101422,0.0
1986-07-01,7.3,0.63,6.56,0.0032070999949574,109.5,0.212485648,0.0
1986-08-01,7.17,0.84,6.17,0.0011560926080444,109.6,0.293325292,0.0
1986-09-01,7.45,1.1,5.89,0.0034743141743985,110.0,0.23935590199999998,0.0
1986-10-01,7.43,1.15,5.85,0.00187123501511,110.2,0.251009947,0.0
1986-11-01,7.25,0.97,6.04,0.0018677400345582,110.4,0.20922712699999998,0.0
1986-12-01,7.11,0.84,6.91,0.0020038282091159,110.8,0.136455687,0.0
1987-01-01,7.08,0.85,6.43,0.0016814414629536,111.4,0.257871992,0.0
1987-02-01,7.25,0.85,6.1,0.0023937702377878,111.8,0.22508073399999998,0.0
1987-03-01,7.25,0.83,6.13,0.00242768953319,112.2,0.19968088899999997,0.0
1987-04-01,8.02,1.0,6.37,0.0033114546676683,112.7,0.202413795,0.0
1987-05-01,8.61,0.85,6.85,0.002256179863841,113.0,0.15942135,0.0
1987-06-01,8.4,0.83,6.73,0.0016907832651777,113.5,0.192212432,0.0
1987-07-01,8.45,1.01,6.58,0.003405299313052,113.8,0.299784587,0.0
1987-08-01,8.76,1.01,6.73,0.001691981182822,114.3,0.265373631,0.0
1987-09-01,9.42,1.08,7.22,0.0022163639914079,114.7,0.33022135199999997,0.0
1987-10-01,9.52,1.12,7.29,0.0047833838300194,115.0,0.031509141000000004,0.0
1987-11-01,8.86,1.17,6.69,0.0022688049021699,115.4,-0.078953225,0.0
1987-12-01,8.99,1.13,6.77,0.002795728050149,115.6,0.020072228,0.0
1988-01-01,8.67,1.04,6.83,0.0008875083203905,116.0,-0.064071539,0.0
1988-02-01,8.21,1.03,6.58,0.004443245014602,116.2,-0.059363119000000006,0.0
1988-03-01,8.37,1.1,6.58,0.0026388009288579,116.5,-0.119322599,0.0
1988-04-01,8.72,1.13,6.87,0.0023256036520591,117.2,-0.098425721,0.0
1988-05-01,9.09,1.09,7.09,0.00219608142688,117.5,-0.101270692,0.0
1988-06-01,8.92,0.89,7.51,0.0034679217240525,118.0,-0.10572608,0.0
1988-07-01,9.06,0.78,7.75,0.0021267303419858,118.5,-0.158249164,0.0
1988-08-01,9.26,0.63,8.01,0.0011747986736144,119.0,-0.231975653,0.0
1988-09-01,8.98,0.52,8.19,0.0032079792569601,119.5,-0.168552272,0.0
1988-10-01,8.8,0.45,8.3,0.0024808278230028,119.9,0.102508874,0.0
1988-11-01,8.96,0.29,8.35,0.0032086265949038,120.3,0.17264984,0.0
1988-12-01,9.11,0.02,8.76,0.0026356022022754,120.7,0.11690123699999999,0.0
1989-01-01,9.09,-0.09,9.12,0.0024602892476941,121.2,0.145964934,0.0
1989-02-01,9.17,-0.2,9.36,0.0024822463396198,121.6,0.075626951,0.0
1989-03-01,9.36,-0.32,9.85,0.0018058774795908,122.2,0.130131245,0.0
1989-04-01,9.18,-0.27,9.84,0.001579617360924,123.1,0.16962645399999998,0.0
1989-05-01,8.86,-0.16,9.81,0.0011318199107532,123.7,0.200989623,0.0
1989-06-01,8.28,-0.13,9.53,0.0010564065497206,124.1,0.15068689999999998,0.0
1989-07-01,8.02,0.2,9.24,0.00038879169096615,124.5,0.24079437199999998,0.0
1989-08-01,8.11,-0.03,8.99,0.00047192071731949,124.5,0.295556767,0.0
1989-09-01,8.19,-0.09,9.02,0.0023029966703663,124.8,0.250030468,0.0
1989-10-01,8.01,0.03,8.84,0.00098736723601768,125.4,0.198899584,0.0
1989-11-01,7.87,0.07,8.55,0.0025443416055164,125.9,0.234377184,0.0
1989-12-01,7.84,0.06,8.45,0.00077239958805355,126.3,0.240987127,0.0
1990-01-01,8.21,0.12,8.23,0.0033352934690727,127.5,0.10098746,0.0
1990-02-01,8.47,0.1,8.24,0.0021611919523073,128.0,0.138861544,0.0
1990-03-01,8.59,-0.04,8.28,0.0019098094759446,128.6,0.142234573,0.0
1990-04-01,8.79,0.07,8.26,0.00038305789646492,128.9,0.066103546,0.0
1990-05-01,8.76,0.12,8.18,0.0013948908703025,129.1,0.119570262,0.0
1990-06-01,8.48,0.13,8.29,0.00015477198444997,129.9,0.118600298,0.0
1990-07-01,8.47,0.31,8.15,-0.0002912904165453,130.5,0.028682048999999998,1.0
1990-08-01,8.75,0.69,8.13,-0.0018939393939394,131.6,-0.085778329,1.0
1990-09-01,8.89,0.81,8.2,-0.00089403006860312,132.5,-0.131753164,1.0
1990-10-01,8.72,0.84,8.11,-0.0013787687868661,133.4,-0.11297613599999999,1.0
1990-11-01,8.39,0.79,7.81,-0.0013989594667496,133.7,-0.071175299,1.0
1990-12-01,8.08,0.77,7.31,-0.00043950409288186,134.2,-0.067841441,1.0
1991-01-01,8.09,0.96,6.91,-0.001016800102596,134.7,0.044137285,1.0
1991-02-01,7.85,0.98,6.25,-0.0029434688918436,134.8,0.10074895099999999,1.0
1991-03-01,8.11,1.01,6.12,-0.001471480861552,134.8,0.098743386,1.0
1991-04-01,8.04,1.09,5.91,-0.0019341647171514,135.1,0.126318344,0.0
1991-05-01,8.07,1.29,5.78,-0.0010612380495367,135.6,0.076195808,0.0
1991-06-01,8.28,1.32,5.9,0.000785226653364,136.0,0.036044427000000004,0.0
1991-07-01,8.27,1.35,5.82,-0.00038768992190817,136.2,0.08516355,0.0
1991-08-01,7.9,1.47,5.66,0.0001662172644332,136.6,0.20368460300000002,0.0
1991-09-01,7.65,1.47,5.45,0.00024005170344382,137.0,0.23689596300000001,0.0
1991-10-01,7.53,1.62,5.21,0.00019384138236597,137.2,0.25538147,0.0
1991-11-01,7.42,1.86,4.81,-0.00056295393929326,137.8,0.152277978,0.0
1991-12-01,7.09,2.06,4.43,0.00029548644455936,138.2,0.233542914,0.0
1992-01-01,7.03,2.07,4.03,0.00037848017133151,138.3,0.17273898399999998,0.0
1992-02-01,7.34,2.13,4.06,-0.00053520840830865,138.6,0.117168381,0.0
1992-03-01,7.54,1.85,3.98,0.00049856431941354,139.1,0.073134738,0.0
1992-04-01,7.48,2.14,3.73,0.0014211230563374,139.4,0.100325789,0.0
1992-05-01,7.39,2.16,3.82,0.0011979469033073,139.7,0.06341083900000001,0.0
1992-06-01,7.26,2.21,3.76,0.00060746072214194,140.1,0.094977042,0.0
1992-07-01,6.84,2.48,3.25,0.00071747228993239,140.5,0.08971307099999999,0.0
1992-08-01,6.59,2.4,3.3,0.0012133133565579,140.8,0.04596467,0.0
1992-09-01,6.42,2.53,3.22,0.00031214138168465,141.1,0.074358409,0.0
1992-10-01,6.59,2.51,3.1,0.0016519975403592,141.7,0.064697717,0.0
1992-11-01,6.87,2.29,3.09,0.0012186294541823,142.1,0.139407316,0.0
1992-12-01,6.77,2.1,2.92,0.0020407789735705,142.3,0.043674847999999995,0.0
1993-01-01,6.6,2.21,3.02,0.0027307182976392,142.8,0.070821035,0.0
1993-02-01,6.26,2.16,3.03,0.0022769914567281,143.1,0.07170623599999999,0.0
1993-03-01,5.98,2.03,3.07,-0.00045436370906183,143.3,0.112304592,0.0
1993-04-01,5.97,2.13,2.96,0.0027456043056894,143.8,0.059048395999999996,0.0
1993-05-01,6.04,2.06,3.0,0.0024660912453761,144.2,0.080548168,0.0
1993-06-01,5.96,1.8,3.04,0.0016370016641343,144.3,0.098814376,0.0
1993-07-01,5.81,1.74,3.06,0.002763004632096,144.5,0.054854785999999996,0.0
1993-08-01,5.68,1.68,3.03,0.0013596866417541,144.8,0.11299739,0.0
1993-09-01,5.36,1.51,3.09,0.0021761415750949,145.0,0.093894857,0.0
1993-10-01,5.33,1.46,2.99,0.0025572464288278,145.6,0.11099806599999999,0.0
1993-11-01,5.72,1.56,3.02,0.0022464267494831,146.0,0.068190422,0.0
1993-12-01,5.77,1.56,2.96,0.0029468495499357,146.3,0.068173995,0.0
1994-01-01,5.75,1.61,3.05,0.0025019142760475,146.3,0.093136481,0.0
1994-02-01,5.97,1.5,3.25,0.00165193836316,146.7,0.052201829000000005,0.0
1994-03-01,6.48,1.48,3.34,0.0040875679414086,147.1,-0.013148753999999999,0.0
1994-04-01,6.97,1.42,3.56,0.0030377421804631,147.2,0.024061315,0.0
1994-05-01,7.18,1.21,4.01,0.0029493071329213,147.5,0.01391898,0.0
1994-06-01,7.1,1.17,4.25,0.0027826300682052,147.9,-0.013992204,0.0
1994-07-01,7.3,1.17,4.26,0.0032563595301038,148.4,0.02235335,0.0
1994-08-01,7.24,1.06,4.47,0.0024954192478841,149.0,0.025410007999999998,0.0
1994-09-01,7.46,1.07,4.73,0.0030549366383512,149.3,0.008202810999999999,0.0
1994-10-01,7.74,1.01,4.76,0.0018308502607443,149.4,0.009615295,0.0
1994-11-01,7.96,0.81,5.29,0.003559736007899,149.8,-0.017696112,0.0
1994-12-01,7.81,0.22,5.45,0.002554609084397,150.1,-0.015512611,0.0
1995-01-01,7.78,0.27,5.53,0.002892437481169,150.5,-0.023508686,0.0
1995-02-01,7.47,0.36,5.92,0.0016823889923692,150.9,0.042435624000000005,0.0
1995-03-01,7.2,0.42,5.98,0.0017995321216484,151.2,0.11622397400000001,0.0
1995-04-01,7.06,0.49,6.05,0.0013857168518566,151.8,0.132335906,0.0
1995-05-01,6.63,0.46,6.01,-0.00017083941948765,152.1,0.15568295699999998,0.0
1995-06-01,6.17,0.45,6.0,0.0020247930353954,152.4,0.203894513,0.0
1995-07-01,6.28,0.5,5.85,0.00080145967975718,152.6,0.204171872,0.0
1995-08-01,6.49,0.51,5.74,0.0021639120804226,152.9,0.166942483,0.0
1995-09-01,6.2,0.39,5.8,0.0020487274087424,153.1,0.233502257,0.0
1995-10-01,6.04,0.34,5.76,0.0013234358430541,153.5,0.207890723,0.0
1995-11-01,5.93,0.45,5.8,0.0012200184697241,153.7,0.288425683,0.0
1995-12-01,5.71,0.39,5.6,0.0012269938650307,153.9,0.293495061,0.0
1996-01-01,5.65,0.54,5.56,-3.3806626098715e-05,154.7,0.301604101,0.0
1996-02-01,5.81,0.78,5.22,0.0035751715744278,155.0,0.27307516,0.0
1996-03-01,6.27,0.61,5.31,0.0021391455208482,155.5,0.253998137,0.0
1996-04-01,6.51,0.55,5.22,0.0013866361886834,156.1,0.23976355300000002,0.0
1996-05-01,6.74,0.64,5.24,0.0027526477450108,156.4,0.226691752,0.0
1996-06-01,6.91,0.61,5.27,0.0023684783154512,156.7,0.207890603,0.0
1996-07-01,6.87,0.6,5.4,0.0020539538611828,157.0,0.129781465,0.0
1996-08-01,6.64,0.61,5.22,0.001533141690622,157.2,0.14874089599999998,0.0
1996-09-01,6.83,0.6,5.3,0.0017554222580887,157.7,0.162211806,0.0
1996-10-01,6.53,0.62,5.24,0.0021177643052903,158.2,0.192969765,0.0
1996-11-01,6.2,0.5,5.31,0.0024530725562508,158.7,0.22354986699999999,0.0
1996-12-01,6.3,0.52,5.29,0.0015046171906648,159.1,0.184516364,0.0
1997-01-01,6.58,0.57,5.25,0.0018160355942976,159.4,0.21193025899999998,0.0
1997-02-01,6.42,0.52,5.19,0.0025707999967041,159.7,0.210930576,0.0
1997-03-01,6.69,0.47,5.39,0.0025888637764537,159.8,0.159496544,0.0
1997-04-01,6.89,0.44,5.51,0.0024264283957701,159.9,0.20291813,0.0
1997-05-01,6.71,0.43,5.5,0.0021261632566279,159.9,0.237247395,0.0
1997-06-01,6.49,0.4,5.56,0.002186933886051,160.2,0.277528265,0.0
1997-07-01,6.22,0.33,5.52,0.0024182910743075,160.4,0.39959849700000005,0.0
1997-08-01,6.3,0.36,5.54,-0.00014620951823964,160.8,0.32177646,0.0
1997-09-01,6.21,0.33,5.54,0.0039969778947625,161.2,0.3207802,0.0
1997-10-01,6.03,0.26,5.5,0.0027835093255654,161.5,0.259927936,0.0
1997-11-01,5.88,0.17,5.52,0.0024691557262626,161.7,0.23274042600000003,0.0
1997-12-01,5.81,0.09,5.5,0.0025274681048014,161.8,0.270089592,0.0
1998-01-01,5.54,0.18,5.56,0.002111618720343,162.0,0.220677975,0.0
1998-02-01,5.57,0.15,5.51,0.0016344582251707,162.0,0.282846251,0.0
1998-03-01,5.65,0.09,5.49,0.0011838484673962,162.0,0.375133349,0.0
1998-04-01,5.64,0.08,5.45,0.002221085935253,162.2,0.327405269,0.0
1998-05-01,5.65,0.06,5.49,0.0032046682929162,162.6,0.251474132,0.0
1998-06-01,5.5,-0.02,5.56,0.0018435523346365,162.8,0.247619509,0.0
1998-07-01,5.46,0.0,5.54,0.0010231923601637,163.2,0.160693475,0.0
1998-08-01,5.34,0.07,5.55,0.0026861059387504,163.4,0.062290291,0.0
1998-09-01,4.81,0.14,5.51,0.0016436970539891,163.5,0.071027488,0.0
1998-10-01,4.53,0.44,5.07,0.0015936632163595,163.9,0.183347003,0.0
1998-11-01,4.83,0.29,4.83,0.0021818926540322,164.1,0.19716958699999998,0.0
1998-12-01,4.65,0.14,4.68,0.0028687976986741,164.4,0.236403955,0.0
1999-01-01,4.72,0.1,4.63,0.00083074704536192,164.7,0.266495804,0.0
1999-02-01,5.0,0.12,4.76,0.0032732455247373,164.7,0.165602299,0.0
1999-03-01,5.23,0.18,4.81,0.0008351545426163,164.8,0.15492447,0.0
1999-04-01,5.18,0.2,4.74,0.0028855077323809,165.9,0.18313080399999998,0.0
1999-05-01,5.54,0.29,4.74,0.0016407847772499,166.0,0.176848965,0.0
1999-06-01,5.9,0.28,4.76,0.0021815415191603,166.0,0.19117678800000001,0.0
1999-07-01,5.79,0.24,4.99,0.0025176428665494,166.7,0.170289291,0.0
1999-08-01,5.94,0.26,5.07,0.0011977065850681,167.1,0.321601639,0.0
1999-09-01,5.92,0.26,5.22,0.0015667327833046,167.8,0.232108037,0.0
1999-10-01,6.11,0.25,5.2,0.0031208581203958,168.1,0.21553643600000003,0.0
1999-11-01,6.03,0.17,5.42,0.0022200542338508,168.4,0.176974858,0.0
1999-12-01,6.28,0.18,5.3,0.0023454386583478,168.8,0.178364126,0.0
2000-01-01,6.66,0.22,5.45,0.0017817269751935,169.3,0.085928415,0.0
2000-02-01,6.52,-0.09,5.73,0.000908362276249,170.0,0.09843055099999999,0.0
2000-03-01,6.26,-0.27,5.85,0.0035996461364815,171.0,0.152693669,0.0
2000-04-01,5.99,-0.41,6.02,0.0022189124289492,170.9,0.08417189800000001,0.0
2000-05-01,6.44,-0.37,6.27,0.0016453354361276,171.2,0.087300678,0.0
2000-06-01,6.1,-0.38,6.53,-0.00033306839256652,172.2,0.057944072,0.0
2000-07-01,6.05,-0.29,6.54,0.0013251451980524,172.7,0.074038614,0.0
2000-08-01,5.83,-0.4,6.5,-4.5373423273541e-05,172.7,0.139240568,0.0
2000-09-01,5.8,-0.28,6.52,0.0009301973833472,173.6,0.113241571,0.0
2000-10-01,5.74,-0.17,6.51,-1.5111104395065e-05,173.9,0.047617959,0.0
2000-11-01,5.72,-0.16,6.51,0.0015489116062591,174.2,-0.054720687000000004,0.0
2000-12-01,5.24,-0.11,6.4,0.0011542291559794,174.6,-0.106908209,0.0
2001-01-01,5.16,0.4,5.98,-8.2888123638939e-05,175.6,-0.020613127,0.0
2001-02-01,5.1,0.44,5.49,0.00068576768300954,176.0,-0.097131269,0.0
2001-03-01,4.89,0.55,5.31,-0.00031629125906513,176.1,-0.255813554,1.0
2001-04-01,5.14,0.91,4.8,-0.0021394080468862,176.4,-0.150526626,1.0
2001-05-01,5.39,1.13,4.21,-0.00040011172931309,177.3,-0.123290598,1.0
2001-06-01,5.28,1.2,3.97,-0.00083830526395287,177.7,-0.172296335,1.0
2001-07-01,5.24,1.2,3.77,-0.00092215360660322,177.4,-0.166618309,1.0
2001-08-01,4.97,1.21,3.65,-0.0011272763037442,177.4,-0.291802161,1.0
2001-09-01,4.73,1.61,3.07,-0.0019465567909837,178.1,-0.322092473,1.0
2001-10-01,4.57,1.84,2.49,-0.0024056886568365,177.6,-0.29919342600000004,1.0
2001-11-01,4.65,1.87,2.09,-0.0023734538317586,177.5,-0.143252958,1.0
2001-12-01,5.09,1.98,1.82,-0.0012200515471779,177.4,-0.139752914,0.0
2002-01-01,5.04,2.01,1.73,-0.00099250278664244,177.7,-0.18949952399999997,0.0
2002-02-01,4.91,1.89,1.74,-0.00088649772261792,178.0,-0.11365324,0.0
2002-03-01,5.28,1.72,1.73,-0.00014533104883123,178.5,-0.011214598999999999,0.0
2002-04-01,5.21,1.79,1.75,-0.00071911075070572,179.3,-0.14860627099999998,0.0
2002-05-01,5.16,1.9,1.75,8.4211815683302e-05,179.5,-0.16280651599999998,0.0
2002-06-01,4.93,1.94,1.75,0.00038274874841159,179.6,-0.212666761,0.0
2002-07-01,4.65,2.09,1.73,-0.00071929233877139,180.0,-0.284168404,0.0
2002-08-01,4.26,2.13,1.74,-2.2972662531587e-05,180.5,-0.213043218,0.0
2002-09-01,3.87,1.87,1.75,-0.00065856478822547,180.8,-0.244347725,0.0
2002-10-01,3.94,2.03,1.75,0.0009731726193669,181.2,-0.17937060100000002,0.0
2002-11-01,4.05,2.13,1.34,-9.9519245491013e-05,181.5,-0.19635431,0.0
2002-12-01,4.03,2.19,1.24,-0.0010948206561268,181.8,-0.266128873,0.0
2003-01-01,4.05,2.31,1.24,0.00082776381139248,182.6,-0.278229982,0.0
2003-02-01,3.9,2.27,1.26,-0.0010415071220708,183.6,-0.274394951,0.0
2003-03-01,3.81,2.24,1.25,-0.0016252184845604,183.9,-0.302152221,0.0
2003-04-01,3.96,2.34,1.26,-0.00042232323852816,183.2,-0.160840226,0.0
2003-05-01,3.57,2.15,1.26,0.00014595512264071,182.9,-0.102071545,0.0
2003-06-01,3.33,2.1,1.22,-1.5361455037021e-05,183.1,-0.015598596999999999,0.0
2003-07-01,3.98,2.51,1.01,-2.304253652242e-05,183.7,0.082794792,0.0
2003-08-01,4.45,2.59,1.03,-0.00032260294490403,184.5,0.095640591,0.0
2003-09-01,4.27,2.56,1.01,0.00080676762787267,185.1,0.20018545899999998,0.0
2003-10-01,4.29,2.54,1.01,0.0015354614829487,184.9,0.170775323,0.0
2003-11-01,4.3,2.37,1.0,0.00015331074555016,185.0,0.122377968,0.0
2003-12-01,4.27,2.36,0.98,0.00087373729631957,185.5,0.23412622,0.0
2004-01-01,4.15,2.39,1.0,0.0013860385334028,186.3,0.279052555,0.0
2004-02-01,4.08,2.34,1.01,0.00042823604982832,186.7,0.30833743,0.0
2004-03-01,3.83,2.25,1.0,0.0024230842728836,187.1,0.283520388,0.0
2004-04-01,4.35,2.28,1.0,0.0020512116636928,187.4,0.188659734,0.0
2004-05-01,4.72,2.19,1.0,0.0021535487896751,188.2,0.15102505,0.0
2004-06-01,4.73,1.97,1.03,0.00075174267620393,188.9,0.157595563,0.0
2004-07-01,4.5,1.86,1.26,0.00041732110203122,189.1,0.106609824,0.0
2004-08-01,4.28,1.77,1.43,0.0006750197196772,189.2,0.091179206,0.0
2004-09-01,4.13,1.6,1.61,0.001182382500739,189.8,0.11251578400000001,0.0
2004-10-01,4.1,1.52,1.76,0.0026799300492835,190.8,0.07292847599999999,0.0
2004-11-01,4.19,1.34,1.93,0.00042281063368744,191.7,0.10369403599999999,0.0
2004-12-01,4.23,1.22,2.16,0.00091318687124065,191.7,0.086117625,0.0
2005-01-01,4.22,1.0,2.28,0.0011310170104958,191.6,0.04337301,0.0
2005-02-01,4.17,0.79,2.5,0.001943151520629,192.4,0.049964863,0.0
2005-03-01,4.5,0.77,2.63,0.00093210656082747,193.1,0.047156305999999995,0.0
2005-04-01,4.34,0.69,2.79,0.0027186157589594,193.7,0.043776109,0.0
2005-05-01,4.14,0.5,3.0,0.0012882158210878,193.6,0.061277325,0.0
2005-06-01,4.0,0.36,3.04,0.0018849577380507,193.7,0.04330549,0.0
2005-07-01,4.18,0.31,3.26,0.0026429350017172,194.9,0.11353425699999999,0.0
2005-08-01,4.26,0.22,3.5,0.0015041401084172,196.1,0.099963971,0.0
2005-09-01,4.2,0.25,3.62,0.00050558372615206,198.8,0.09756865699999999,0.0
2005-10-01,4.46,0.19,3.78,0.00066138549113446,199.1,0.065751671,0.0
2005-11-01,4.54,0.12,4.0,0.0025101184508559,198.1,0.062464107000000005,0.0
2005-12-01,4.47,0.07,4.16,0.001155615476358,198.1,0.029568731,0.0
2006-01-01,4.42,0.02,4.29,0.0020717874346092,199.3,0.080332394,0.0
2006-02-01,4.57,-0.1,4.49,0.0022742544063679,199.4,0.062058550999999997,0.0
2006-03-01,4.72,-0.01,4.59,0.0022838282855817,199.7,0.092396015,0.0
2006-04-01,4.99,0.1,4.79,0.0011613633523709,200.7,0.124791893,0.0
2006-05-01,5.11,0.14,4.94,0.00028633310084064,201.3,0.06387472,0.0
2006-06-01,5.11,-0.01,4.99,0.00059452159361146,201.8,0.064104037,0.0
2006-07-01,5.09,-0.03,5.24,0.0014304052814964,202.9,0.033840494,0.0
2006-08-01,4.88,-0.02,5.25,0.0012745385291532,203.8,0.066177098,0.0
2006-09-01,4.72,-0.05,5.25,0.0010900258972596,202.8,0.083521506,0.0
2006-10-01,4.73,-0.07,5.25,6.5768800742457e-05,201.9,0.132443352,0.0
2006-11-01,4.6,-0.14,5.25,0.0015418115920849,202.0,0.11419469,0.0
2006-12-01,4.56,-0.11,5.24,0.0013570401931958,203.1,0.12768436,0.0
2007-01-01,4.76,-0.12,5.25,0.0016612142893573,203.437,0.116497595,0.0
2007-02-01,4.72,-0.13,5.26,0.0005891894644195,204.226,0.093956203,0.0
2007-03-01,4.56,-0.01,5.26,0.0017083702874424,205.288,0.092852011,0.0
2007-04-01,4.69,0.02,5.25,0.00035560587257698,205.904,0.123149489,0.0
2007-05-01,4.75,-0.02,5.25,0.0010954571175694,206.755,0.186585141,0.0
2007-06-01,5.1,0.12,5.25,0.00055075257440595,207.234,0.168521605,0.0
2007-07-01,5.0,0.18,5.26,-0.0002245254184502,207.603,0.130944145,0.0
2007-08-01,4.67,0.36,5.02,-0.00016662078558078,207.667,0.122674627,0.0
2007-09-01,4.52,0.51,4.94,0.00057964713980364,208.547,0.133573518,0.0
2007-10-01,4.53,0.56,4.76,0.00057206995184474,209.19,0.11726526699999999,0.0
2007-11-01,4.15,0.81,4.49,0.00079609767394734,210.834,0.055889932999999996,0.0
2007-12-01,4.1,0.98,4.24,0.00078100141737294,211.445,0.034687116000000004,1.0
2008-01-01,3.74,1.26,3.94,7.9484363257992e-05,212.174,-0.042387879,1.0
2008-02-01,3.74,1.77,2.98,-0.00057079687579026,212.687,-0.055679282000000004,1.0
2008-03-01,3.51,1.89,2.61,-0.00035424076805182,213.448,-0.071587247,1.0
2008-04-01,3.68,1.63,2.28,-0.001735671668776,213.942,-0.067516138,1.0
2008-05-01,3.88,1.43,1.98,-0.0012822834788278,215.208,-0.08892924699999999,1.0
2008-06-01,4.1,1.33,2.0,-0.0012404067953982,217.463,-0.160835857,1.0
2008-07-01,4.01,1.44,2.01,-0.0014235185602127,219.016,-0.138239683,1.0
2008-08-01,3.89,1.47,2.0,-0.0020219505276709,218.69,-0.138904462,1.0
2008-09-01,3.69,1.61,1.81,-0.0033524520271403,218.877,-0.269253518,1.0
2008-10-01,3.81,2.2,0.97,-0.003517290297105,216.995,-0.46960355200000004,1.0
2008-11-01,3.53,2.32,0.39,-0.0053349183984971,213.153,-0.5023591279999999,1.0
2008-12-01,2.42,1.6,0.16,-0.0052086023091962,211.398,-0.48590203,1.0
2009-01-01,2.52,1.71,0.15,-0.0058143415480684,211.933,-0.512338046,1.0
2009-02-01,2.87,1.89,0.22,-0.005542501212189,212.705,-0.59341482,1.0
2009-03-01,2.82,1.89,0.18,-0.0060009601536246,212.495,-0.505484673,1.0
2009-04-01,2.93,2.0,0.15,-0.0052448080173871,212.709,-0.462163407,1.0
2009-05-01,3.29,2.36,0.18,-0.0025945060197091,213.022,-0.421060444,1.0
2009-06-01,3.72,2.54,0.21,-0.003552006084807,214.79,-0.330981083,1.0
2009-07-01,3.56,2.54,0.16,-0.002595261358085,214.726,-0.249550837,0.0
2009-08-01,3.59,2.47,0.16,-0.001400495913307,215.445,-0.22865826,0.0
2009-09-01,3.4,2.44,0.15,-0.001846955588765,215.861,-0.09837742699999999,0.0
2009-10-01,3.39,2.44,0.12,-0.0015279014772274,216.509,0.067299166,0.0
2009-11-01,3.4,2.6,0.12,9.227575070168e-05,217.234,0.20087660100000002,0.0
2009-12-01,3.59,2.72,0.12,-0.0020683238887565,217.347,0.21069997399999998,0.0
2010-01-01,3.73,2.8,0.11,1.5409745122816e-05,217.488,0.26257473,0.0
2010-02-01,3.69,2.83,0.13,-0.00070883735264658,217.281,0.407145982,0.0
2010-03-01,3.73,2.77,0.16,0.0013955496615214,217.353,0.382326105,0.0
2010-04-01,3.85,2.79,0.2,0.0017785785230869,217.403,0.307205259,0.0
2010-05-01,3.42,2.59,0.2,0.0041503343324879,217.29,0.169953109,0.0
2010-06-01,3.2,2.48,0.18,-0.0010639112131649,217.199,0.114368852,0.0
2010-07-01,3.01,2.39,0.18,-0.00064362390909578,217.605,0.10936270199999999,0.0
2010-08-01,2.7,2.18,0.19,-3.8335620692035e-05,217.923,0.027741542,0.0
2010-09-01,2.65,2.17,0.19,-0.00049838217478646,218.275,0.076569949,0.0
2010-10-01,2.54,2.16,0.19,0.002055892663992,219.035,0.132722882,0.0
2010-11-01,2.76,2.31,0.19,0.00095693779904306,219.59,0.07465092799999999,0.0
2010-12-01,3.29,2.67,0.18,0.00055066921606119,220.472,0.120292895,0.0
2011-01-01,3.39,2.78,0.17,0.0001452355108468,221.187,0.18036098899999997,0.0
2011-02-01,3.58,2.81,0.16,0.0016202872188381,221.898,0.183702826,0.0
2011-03-01,3.41,2.71,0.14,0.0017931676497295,223.046,0.125522148,0.0
2011-04-01,3.46,2.73,0.1,0.0023916885016148,224.093,0.138967715,0.0
2011-05-01,3.17,2.61,0.09,0.00076746554003738,224.806,0.210906368,0.0
2011-06-01,3.0,2.59,0.09,0.0017919105866989,224.806,0.247868632,0.0
2011-07-01,3.0,2.59,0.07,0.00045475560675767,225.395,0.159644476,0.0
2011-08-01,2.3,2.07,0.1,0.0009545526860052,226.106,0.149788798,0.0
2011-09-01,1.98,1.77,0.08,0.001763481551561,226.597,-0.008606778,0.0
2011-10-01,2.15,1.87,0.07,0.0015412744223999,226.75,0.057506762,0.0
2011-11-01,2.01,1.76,0.08,0.00099576047434408,227.169,0.054728085,0.0
2011-12-01,1.98,1.72,0.07,0.0015222994257465,227.223,-3.18e-05,0.0
2012-01-01,1.97,1.73,0.08,0.0026637370575488,227.842,0.020235237,0.0
2012-02-01,1.97,1.69,0.1,0.0019662288930582,228.329,0.028566005,0.0
2012-03-01,2.17,1.83,0.13,0.0017975912277548,228.807,0.060465343,0.0
2012-04-01,2.05,1.76,0.14,0.00061307494467372,229.187,0.024842705,0.0
2012-05-01,1.8,1.51,0.16,0.0007471942854581,228.713,-0.026263684,0.0
2012-06-01,1.62,1.33,0.16,0.00054504457419326,228.524,0.030955221,0.0
2012-07-01,1.53,1.28,0.16,0.0011342691053452,228.59,0.065182462,0.0
2012-08-01,1.68,1.41,0.13,0.0012820608382591,229.918,0.14322057400000002,0.0
2012-09-01,1.72,1.46,0.14,0.0013920837334644,231.015,0.24163479399999999,0.0
2012-10-01,1.75,1.47,0.16,0.00118199794823,231.638,0.11934035900000001,0.0
2012-11-01,1.65,1.38,0.16,0.00115832696006,231.249,0.127254586,0.0
2012-12-01,1.72,1.46,0.16,0.0017725630965713,231.221,0.12580138800000001,0.0
2013-01-01,1.91,1.64,0.14,0.0014140606491353,231.679,0.132339136,0.0
2013-02-01,1.98,1.71,0.15,0.0020552553174187,232.937,0.103551719,0.0
2013-03-01,1.96,1.7,0.14,0.001025519953372,232.282,0.108055537,0.0
2013-04-01,1.76,1.53,0.15,0.0014077240566038,231.797,0.133505403,0.0
2013-05-01,1.93,1.68,0.11,0.001633902745987,231.893,0.218754913,0.0
2013-06-01,2.3,1.97,0.09,0.0013299728861881,232.445,0.164849264,0.0
2013-07-01,2.58,2.24,0.09,0.00082187357823209,232.9,0.200608108,0.0
2013-08-01,2.74,2.38,0.08,0.0017743756690569,233.456,0.14923923,0.0
2013-09-01,2.81,2.41,0.08,0.0013686799191966,233.544,0.154607703,0.0
2013-10-01,2.62,2.28,0.09,0.0016445565179257,233.669,0.218225516,0.0
2013-11-01,2.72,2.42,0.08,0.0019264448336252,234.1,0.243046133,0.0
2013-12-01,2.9,2.56,0.09,0.00050253452193672,234.719,0.25929224,0.0
2014-01-01,2.86,2.47,0.07,0.00127390389669,235.288,0.17386304,0.0
2014-02-01,2.71,2.38,0.07,0.0012068514264111,235.547,0.205076488,0.0
2014-03-01,2.72,2.32,0.08,0.0018444021668095,236.028,0.176629442,0.0
2014-04-01,2.71,2.29,0.09,0.00235561869419,236.468,0.16488692,0.0
2014-05-01,2.56,2.17,0.09,0.0015763632287968,236.918,0.165148913,0.0
2014-06-01,2.6,2.15,0.1,0.0023536036849059,237.231,0.199140839,0.0
2014-07-01,2.54,2.03,0.09,0.0016710242946765,237.498,0.135668423,0.0
2014-08-01,2.42,1.95,0.09,0.0013518469249078,237.46,0.204430335,0.0
2014-09-01,2.53,1.96,0.09,0.002218918977143,237.477,0.15947930800000001,0.0
2014-10-01,2.3,1.85,0.09,0.0018055973517906,237.43,0.138785736,0.0
2014-11-01,2.33,1.8,0.09,0.0020812770887868,236.983,0.135359919,0.0
2014-12-01,2.21,1.57,0.12,0.0019127964656089,236.252,0.10787306099999999,0.0
2015-01-01,1.88,1.33,0.11,0.001360621754276,234.747,0.112571689,0.0
2015-02-01,1.98,1.36,0.11,0.0019278925502248,235.342,0.123797191,0.0
2015-03-01,2.04,1.4,0.11,0.00050412172764646,235.976,0.099339745,0.0
2015-04-01,1.94,1.4,0.12,0.0020154708679299,236.222,0.101642824,0.0
2015-05-01,2.2,1.59,0.12,0.0023442922503789,237.001,0.091267358,0.0
2015-06-01,2.36,1.67,0.13,0.0012294647588765,237.657,0.051152802000000004,0.0
2015-07-01,2.32,1.65,0.13,0.0021312782729589,238.034,0.085897172,0.0
2015-08-01,2.17,1.47,0.14,0.00088027549101767,238.033,-0.015691203,0.0
2015-09-01,2.17,1.46,0.14,0.0010905815966115,237.498,-0.026854497999999997,0.0
2015-10-01,2.07,1.43,0.12,0.0021506736668986,237.733,0.029928483,0.0
2015-11-01,2.26,1.38,0.12,0.001662143112626,238.017,0.006195750999999999,0.0
2015-12-01,2.24,1.26,0.24,0.0019114434548815,237.761,-0.007292523,0.0
2016-01-01,2.09,1.19,0.34,0.00051014346911536,237.827,-0.027827361000000002,0.0
2016-02-01,1.78,1.05,0.38,0.0018369770203255,237.514,-0.085403143,0.0
2016-03-01,1.89,1.01,0.36,0.0015965642495102,237.99,-0.003948956,0.0
2016-04-01,1.81,1.04,0.37,0.001301666411438,238.835,-0.009737916,0.0
2016-05-01,1.81,0.99,0.37,0.0002919728326231,239.44,-0.00496628,0.0
2016-06-01,1.64,0.91,0.38,0.0018555712310012,240.144,0.017179786000000002,0.0
2016-07-01,1.5,0.83,0.39,0.0024556389517058,240.111,0.032620536,0.0
2016-08-01,1.56,0.82,0.4,0.0009341784765279,240.595,0.09602528,0.0
2016-09-01,1.63,0.86,0.4,0.0018596998209434,241.068,0.12158879800000001,0.0
2016-10-01,1.76,0.92,0.4,0.0010005796461398,241.641,0.022252581,0.0
2016-11-01,2.14,1.16,0.41,0.0010409413970674,241.993,0.055351384000000003,0.0
2016-12-01,2.49,1.29,0.54,0.0015838911384734,242.712,0.091074154,0.0
2017-01-01,2.43,1.22,0.65,0.0012719847086811,243.717,0.160868086,0.0
2017-02-01,2.42,1.22,0.66,0.0012909693944118,244.028,0.201527992,0.0
2017-03-01,2.48,1.17,0.79,0.00088468264581833,243.721,0.137233729,0.0
2017-04-01,2.3,1.06,0.9,0.0013498328125856,244.058,0.1435881,0.0
2017-05-01,2.3,1.0,0.91,0.0010606195386647,243.926,0.139889492,0.0
2017-06-01,2.19,0.85,1.04,0.0014764586864986,244.179,0.143781212,0.0
2017-07-01,2.32,0.95,1.15,0.0014674565905864,244.328,0.127954796,0.0
2017-08-01,2.21,0.87,1.16,0.0012540295923722,245.304,0.129721067,0.0
2017-09-01,2.2,0.82,1.15,0.00012252316028071,246.445,0.15007532,0.0
2017-10-01,2.36,0.81,1.15,0.0018172042278924,246.57,0.19163771699999999,0.0
2017-11-01,2.35,0.65,1.16,0.0015285741460366,247.333,0.161747313,0.0
2017-12-01,2.4,0.56,1.3,0.00088182823342672,247.847,0.17747621600000002,0.0
2018-01-01,2.58,0.55,1.41,0.00082005543845857,248.816,0.2144073,0.0
2018-02-01,2.86,0.68,1.42,0.0027493363670838,249.475,0.13815819199999999,0.0
2018-03-01,2.84,0.56,1.51,0.0011885627844784,249.413,0.111294967,0.0
2018-04-01,2.87,0.49,1.69,0.00092408973788228,249.957,0.104959921,0.0
2018-05-01,2.98,0.47,1.7,0.001873428981542,250.64,0.11482835300000001,0.0
2018-06-01,2.91,0.38,1.82,0.0014730710504544,251.176,0.114856876,0.0
2018-07-01,2.89,0.28,1.91,0.00091343828918382,251.482,0.131080809,0.0
2018-08-01,2.89,0.25,1.91,0.0016373201631952,251.905,0.16034884,0.0
2018-09-01,3.0,0.23,1.95,0.00053594876329823,252.261,0.145514894,0.0
2018-10-01,3.15,0.29,2.19,0.0013458499611645,252.777,0.051639988,0.0
2018-11-01,3.12,0.26,2.2,0.00089602738901631,252.662,0.06562859900000001,0.0
2018-12-01,2.83,0.15,2.27,0.0012159029415498,252.653,-0.064402635,0.0
2019-01-01,2.71,0.17,2.4,0.0017949487872418,252.55,-0.043317882,0.0
2019-02-01,2.68,0.18,2.4,6.6607164266588e-06,253.181,0.025703779,0.0
2019-03-01,2.57,0.16,2.41,0.00097911879308622,254.095,0.07072178700000001,0.0
2019-04-01,2.53,0.19,2.42,0.0013973729388749,254.943,0.106567099,0.0
2019-05-01,2.4,0.19,2.39,0.00056481407649576,255.167,0.017148014,0.0
2019-06-01,2.07,0.26,2.38,0.0012086839291525,255.402,0.078975566,0.0
2019-07-01,2.06,0.22,2.4,0.0012868220139428,256.087,0.05663034,0.0
2019-08-01,1.63,0.06,2.13,0.0013712877518168,256.294,0.008558744,0.0
2019-09-01,1.7,0.05,2.04,0.0013760254035459,256.593,0.021308901,0.0
2019-10-01,1.71,0.16,1.83,0.0012221869880028,257.229,0.113464089,0.0
2019-11-01,1.81,0.2,1.55,0.0017221698019835,257.824,0.129242603,0.0
2019-12-01,1.86,0.25,1.55,0.0012120094325952,258.444,0.253696579,0.0
2020-01-01,1.76,0.24,1.55,0.0014079132620166,258.82,0.176325008,0.0
2020-02-01,1.5,0.17,1.58,0.0015110503771056,259.05,0.059169917999999995,0.0
2020-03-01,0.87,0.42,0.65,-0.0057070885976306,257.953,-0.206784305,0.0
2020-04-01,0.66,0.44,0.05,-0.13524925447972,255.902,0.027157544,0.0
