Date,Close,1 Month,3 Months,6 Months,12 Months
12/1/1927,17.66,,,,
1/1/1928,17.57,-0.005109293,,,
2/1/1928,17.26,-0.017801217,,,
3/1/1928,19.280001,0.110676655,0.087766146,,
4/1/1928,19.75,0.02408515,0.116960589,,
5/1/1928,20,0.012578782,0.147340588,,
6/1/1928,19.139999,-0.04395194,-0.007288007,0.080478139,
7/1/1928,19.43,0.01503793,-0.016335228,0.100625361,
8/1/1928,20.870001,0.071494506,0.042580495,0.189921083,
9/1/1928,21.139999,0.012854164,0.099386599,0.092098592,
10/1/1928,21.68,0.025223243,0.109571913,0.093236685,
11/1/1928,24.280001,0.113262831,0.151340238,0.193920734,
12/1/1928,24.35,0.002878842,0.141364916,0.240751516,0.321229654
1/1/1929,25.74,0.055514353,0.171656026,0.281227939,0.3818533
2/1/1929,25.59,-0.005844552,0.052548643,0.203888881,0.393809965
3/1/1929,25.530001,-0.00234738,0.047322421,0.188687337,0.280785929
4/1/1929,25.940001,0.015931947,0.007740015,0.179396041,0.272632726
5/1/1929,24.83,-0.043733618,-0.030149051,0.022399592,0.216320326
6/1/1929,27.41,0.098855311,0.07105364,0.118376061,0.359127577
7/1/1929,28.879999,0.052241369,0.107363062,0.115103077,0.396331016
8/1/1929,31.709999,0.093482778,0.244579457,0.214430407,0.418319288
9/1/1929,30.16,-0.050115514,0.095608633,0.166662273,0.35534961
10/1/1929,24.15,-0.222232163,-0.178864899,-0.071501837,0.107894204
11/1/1929,20.92,-0.143578741,-0.415926418,-0.17134696,-0.148947368
12/1/1929,21.450001,0.025019053,-0.340791851,-0.245183218,-0.126807158
1/1/1930,22.790001,0.060597195,-0.057962493,-0.236827392,-0.121724315
2/1/1930,23.280001,0.021272779,0.106889027,-0.309037391,-0.094606984
3/1/1930,24.15,0.036689714,0.118559688,-0.222232163,-0.05556989
4/1/1930,24.9,0.030583423,0.088545916,0.030583423,-0.040918414
5/1/1930,24.49,-0.016602933,0.050670205,0.157559232,-0.013787729
6/1/1930,20.459999,-0.179793159,-0.165812668,-0.04725298,-0.292436199
7/1/1930,21.209999,0.03600101,-0.160395082,-0.071849166,-0.308676558
8/1/1930,21.370001,0.007515395,-0.136276755,-0.08560655,-0.394643941
9/1/1930,18.59,-0.139364314,-0.09584791,-0.261660578,-0.483892741
10/1/1930,16.940001,-0.092946053,-0.224794973,-0.385190055,-0.354606632
11/1/1930,16.379999,-0.033616731,-0.265927099,-0.402203854,-0.244644622
12/1/1930,15.34,-0.065597221,-0.192160006,-0.288007916,-0.335260896
1/1/1931,16.190001,0.053930034,-0.045283919,-0.270078892,-0.341928058
2/1/1931,18.030001,0.107643263,0.095976075,-0.169951023,-0.255557573
3/1/1931,16.690001,-0.077227295,0.084346002,-0.107814004,-0.369474583
4/1/1931,15.09,-0.100777525,-0.070361557,-0.115645475,-0.500835531
5/1/1931,13.02,-0.147545636,-0.325550456,-0.229574381,-0.631778234
6/1/1931,14.83,0.130165519,-0.118157641,-0.03381164,-0.321819555
7/1/1931,13.73,-0.077068936,-0.094449053,-0.16481061,-0.434889502
8/1/1931,13.86,0.009423774,0.062520357,-0.263030099,-0.432981122
9/1/1931,9.71,-0.355850711,-0.423495874,-0.541653515,-0.649467519
10/1/1931,10.43,0.071529987,-0.274896951,-0.369346004,-0.484991479
11/1/1931,9.5,-0.09339447,-0.377715195,-0.315194838,-0.544769219
12/1/1931,8.12,-0.156961644,-0.178826128,-0.602322002,-0.636133642
1/1/1932,7.94,-0.022416879,-0.272772994,-0.547669945,-0.712480554
2/1/1932,8.29,0.043136694,-0.136241829,-0.513957025,-0.776987124
3/1/1932,7.31,-0.125806695,-0.10508688,-0.283913009,-0.825566524
4/1/1932,5.83,-0.226226273,-0.308896275,-0.581669269,-0.951015272
5/1/1932,4.47,-0.265628592,-0.617661561,-0.75390339,-1.069098228
6/1/1932,4.43,-0.008988825,-0.50084369,-0.60593057,-1.208252572
7/1/1932,6.03,0.308347427,0.03373001,-0.275166265,-0.822836209
8/1/1932,8.39,0.33029351,0.629652112,0.011990551,-0.501966473
9/1/1932,8.08,-0.037648648,0.600992288,0.100148599,-0.18376441
10/1/1932,6.96,-0.149212398,0.143432464,0.177162474,-0.404506795
11/1/1932,6.55,-0.060714425,-0.247575471,0.382076641,-0.371826749
12/1/1932,6.92,0.05495072,-0.154976103,0.446016186,-0.159914385
1/1/1933,6.94,0.002886005,-0.0028777,0.140554764,-0.134611501
2/1/1933,5.66,-0.203877882,-0.146041157,-0.393616628,-0.381626077
3/1/1933,5.85,0.033017769,-0.167974108,-0.322950211,-0.222801613
4/1/1933,7.83,0.291520849,0.120660735,0.117783036,0.29494551
5/1/1933,9.64,0.207958599,0.532497216,0.386456059,0.7685327
6/1/1933,10.91,0.123758691,0.623238139,0.45526403,0.901280216
7/1/1933,9.95,-0.092107249,0.239610041,0.360270777,0.50082554
8/1/1933,11.09,0.10847125,0.140122693,0.672619909,0.279003281
9/1/1933,9.72,-0.131858183,-0.115494181,0.507743957,0.184793746
10/1/1933,8.96,-0.081415391,-0.104802324,0.134807717,0.252590753
11/1/1933,9.88,0.097742285,-0.11553129,0.024591403,0.411047462
12/1/1933,9.97,0.009068072,0.025394966,-0.090099216,0.365164814
1/1/1934,11.17,0.113651029,0.220461386,0.115659062,0.475929839
2/1/1934,10.76,-0.037396058,0.085323043,-0.030208247,0.642411663
3/1/1934,10.62,-0.013096539,0.063158432,0.088553397,0.596297355
4/1/1934,10.46,-0.015180557,-0.065673154,0.154788232,0.289595949
5/1/1934,9.61,-0.084754236,-0.113031332,-0.027708289,-0.003116886
6/1/1934,9.81,0.020598051,-0.079336742,-0.01617831,-0.106277526
7/1/1934,8.68,-0.122380745,-0.18653693,-0.252210084,-0.136551022
8/1/1934,9.15,0.052732351,-0.049050344,-0.162081675,-0.192289922
9/1/1934,9.08,-0.007679687,-0.077328081,-0.156664823,-0.068111426
10/1/1934,8.81,-0.030186753,0.014865911,-0.171671019,-0.016882787
11/1/1934,9.54,0.079606046,0.041739606,-0.007310738,-0.035019026
12/1/1934,9.5,-0.004201687,0.045217606,-0.032110475,-0.048288785
1/1/1935,9.1,-0.043017385,0.032386974,0.047252885,-0.2049572
2/1/1935,8.74,-0.040364224,-0.087583296,-0.04584369,-0.207925365
3/1/1935,8.45,-0.033743748,-0.117125357,-0.071907751,-0.228572574
4/1/1935,9.28,0.093695105,0.019587133,0.051974107,-0.119696912
5/1/1935,9.58,0.031816045,0.091767402,0.004184107,-0.003126631
6/1/1935,10.24,0.066624028,0.192135178,0.075009821,0.042899346
7/1/1935,11.08,0.078840062,0.177280135,0.196867268,0.244120153
8/1/1935,11.24,0.014337163,0.159801252,0.251568655,0.205724965
9/1/1935,11.59,0.030663813,0.123841038,0.315976216,0.244068465
10/1/1935,12.46,0.072380856,0.117381832,0.294661967,0.346636073
11/1/1935,12.94,0.037799776,0.140844445,0.300645697,0.304829804
12/1/1935,13.43,0.037167721,0.147348353,0.271189391,0.346199212
1/1/1936,14.31,0.063467583,0.13843508,0.255816912,0.45268418
2/1/1936,14.6,0.020062935,0.12069824,0.261542684,0.513111339
3/1/1936,14.92,0.021681066,0.105211584,0.252559937,0.568536153
4/1/1936,13.77,-0.080210282,-0.038466281,0.099968799,0.394630766
5/1/1936,14.4,0.044735894,-0.013793322,0.106904918,0.407550615
6/1/1936,14.84,0.030098031,-0.005376357,0.099835227,0.371024618
7/1/1936,15.85,0.065843263,0.140677188,0.102210907,0.358027819
8/1/1936,15.99,0.008794027,0.10473532,0.090941998,0.352484682
9/1/1936,16.01,0.00125,0.075887289,0.070510932,0.32307087
10/1/1936,17.23,0.073438524,0.08348255,0.224159738,0.324128537
11/1/1936,17.280001,0.002897771,0.077586294,0.182321615,0.289226532
12/1/1936,17.18,-0.005803905,0.07053239,0.146419679,0.246254906
1/1/1937,17.77,0.033765726,0.030859592,0.114342142,0.216553049
2/1/1937,18.059999,0.01618785,0.044149671,0.121735966,0.212677964
3/1/1937,17.92,-0.007782085,0.042171491,0.112703881,0.183214813
4/1/1937,16.43,-0.086808475,-0.07840271,-0.047543118,0.176616619
5/1/1937,16.26,-0.010400828,-0.104991388,-0.060841717,0.121479898
6/1/1937,15.4,-0.054340595,-0.151549898,-0.109378407,0.037041272
7/1/1937,16.77,0.085224066,0.020482644,-0.057920066,0.056422076
8/1/1937,16.040001,-0.044505911,-0.013622439,-0.118613828,0.003122138
9/1/1937,13.76,-0.153319832,-0.112601677,-0.264151575,-0.151447695
10/1/1937,12.35,-0.108109769,-0.305935513,-0.285452869,-0.332995987
11/1/1937,11.11,-0.105810459,-0.367240061,-0.3808625,-0.441704218
12/1/1937,10.55,-0.051719744,-0.265639973,-0.378241649,-0.487620057
1/1/1938,10.69,0.013182865,-0.144347338,-0.450282851,-0.508202917
2/1/1938,11.34,0.059027573,0.020490695,-0.346749366,-0.465363194
3/1/1938,8.5,-0.288270135,-0.216059696,-0.481699669,-0.745851244
4/1/1938,9.78,0.140273321,-0.088969241,-0.233316579,-0.518769448
5/1/1938,9.27,-0.053556104,-0.201552919,-0.181062224,-0.561924725
6/1/1938,11.56,0.220767484,0.3074847,0.091425003,-0.286816646
7/1/1938,12.33,0.064484454,0.231695833,0.142726592,-0.307556259
8/1/1938,12.06,-0.022141126,0.263110812,0.061557893,-0.285191473
9/1/1938,12.24,0.014815086,0.057158414,0.364643114,-0.117056555
10/1/1938,13.17,0.073232239,0.065906199,0.297602032,0.064285453
11/1/1938,12.73,-0.033980103,0.054067221,0.317178033,0.136115809
12/1/1938,13.14,0.0316996,0.070951736,0.12811015,0.219535153
1/1/1939,12.3,-0.066061751,-0.068342253,-0.002436055,0.140290537
2/1/1939,12.7,0.032002731,-0.002359419,0.051707802,0.113265695
3/1/1939,10.98,-0.145526557,-0.179585577,-0.108633841,0.256009273
4/1/1939,10.93,-0.004564134,-0.11808796,-0.186430214,0.111171818
5/1/1939,11.6,0.059493796,-0.090596895,-0.092956314,0.224221719
6/1/1939,10.86,-0.065918784,-0.010989122,-0.190574699,-0.062464549
7/1/1939,12.04,0.103148125,0.096723138,-0.021364822,-0.023800877
8/1/1939,11.18,-0.074107972,-0.03687863,-0.127475526,-0.075767724
9/1/1939,12.79,0.134537148,0.163577301,0.15258818,0.043954339
10/1/1939,12.83,0.003122563,0.063551739,0.160274876,-0.026155337
11/1/1939,12.2,-0.050350227,0.087309484,0.050430854,-0.042525461
12/1/1939,12.46,0.021087562,-0.026140102,0.137437199,-0.0531375
1/1/1940,12.05,-0.033458853,-0.062721519,0.00083022,-0.020534602
2/1/1940,12.13,0.006617063,-0.005754229,0.081555255,-0.045920271
3/1/1940,12.18,0.004113539,-0.022728251,-0.048868353,0.103719826
4/1/1940,12.19,0.000820681,0.011551284,-0.051170235,0.109104641
5/1/1940,9.27,-0.273832564,-0.268898343,-0.274652572,-0.224221719
6/1/1940,9.98,0.073799711,-0.199212172,-0.221940423,-0.084503224
7/1/1940,10.29,0.03058946,-0.169443394,-0.15789211,-0.15706189
8/1/1940,10.5,0.020202707,0.124591878,-0.144306466,-0.062751211
9/1/1940,10.66,0.015123162,0.065915328,-0.133296844,-0.182165197
10/1/1940,11.08,0.038643263,0.073969131,-0.095474262,-0.146644497
11/1/1940,10.57,-0.047121881,0.006644543,0.13123642,-0.143416152
12/1/1940,10.58,0.000945627,-0.007532992,0.058382336,-0.163558087
1/1/1941,10.07,-0.04940472,-0.095580975,-0.021611843,-0.179503953
2/1/1941,9.92,-0.015007785,-0.063466879,-0.056822336,-0.201128802
3/1/1941,9.96,0.00402415,-0.060388355,-0.067921347,-0.201218191
4/1/1941,9.31,-0.06748798,-0.078471615,-0.17405259,-0.269526852
5/1/1941,9.38,0.007490672,-0.055973158,-0.119440037,0.011796383
6/1/1941,9.85,0.048891692,-0.011105616,-0.071493971,-0.013111635
7/1/1941,10.39,0.05337235,0.109754714,0.031283098,0.009671255
8/1/1941,10.28,-0.010643545,0.091620497,0.035647339,-0.021174997
9/1/1941,10.2,-0.00781254,0.034916265,0.023810649,-0.044110698
10/1/1941,9.5,-0.071095922,-0.089552007,0.020202707,-0.153849883
11/1/1941,9.12,-0.040821995,-0.119730456,-0.028109959,-0.147549996
12/1/1941,8.69,-0.048296865,-0.160214781,-0.125298516,-0.196792487
1/1/1942,8.85,0.01824452,-0.07087434,-0.160426346,-0.129143248
2/1/1942,8.59,-0.029818723,-0.059871068,-0.179601524,-0.143954185
3/1/1942,8.01,-0.069907975,-0.081482178,-0.241696959,-0.217886311
4/1/1942,7.66,-0.044678777,-0.144405475,-0.215279815,-0.195077108
5/1/1942,8.15,0.062005944,-0.052580809,-0.112451877,-0.140561836
6/1/1942,8.3,0.018237588,0.035564754,-0.045917424,-0.17121594
7/1/1942,8.56,0.030844675,0.111088206,-0.033317269,-0.193743615
8/1/1942,8.62,0.006984895,0.056067157,0.003486349,-0.176115175
9/1/1942,8.85,0.026332374,0.064161944,0.099726698,-0.141970261
10/1/1942,9.36,0.056027831,0.0893451,0.200433307,-0.014846508
11/1/1942,9.29,-0.007506738,0.074853468,0.130920626,0.018468749
12/1/1942,9.77,0.050377913,0.098899007,0.163060951,0.117143527
1/1/1943,10.44,0.066328116,0.109199292,0.198544392,0.165227123
2/1/1943,10.97,0.049519692,0.166225721,0.24107919,0.244565538
3/1/1943,11.58,0.054115198,0.169963006,0.268862013,0.368588711
4/1/1943,11.59,0.000863185,0.104498075,0.213697367,0.414130674
5/1/1943,12.05,0.038922003,0.093900386,0.260126107,0.391046733
6/1/1943,12.35,0.024591403,0.064376591,0.234339597,0.397400548
7/1/1943,11.85,-0.041328195,0.02218521,0.126683285,0.325227677
8/1/1943,11.8,-0.004228336,-0.020965128,0.072935257,0.314014447
9/1/1943,12.08,0.023451661,-0.022104871,0.04227172,0.311133733
10/1/1943,11.91,-0.014172809,0.005050516,0.027235726,0.240933093
11/1/1943,11.02,-0.07766658,-0.068387728,-0.089352856,0.170773251
12/1/1943,11.67,0.057309643,-0.034529746,-0.056634617,0.17770498
1/1/1944,11.85,0.015306421,-0.005050516,0,0.126683285
2/1/1944,11.82,-0.002534856,0.070081208,0.001693481,0.074628738
3/1/1944,12.02,0.016778917,0.029550483,-0.004979263,0.037292457
4/1/1944,11.87,-0.01255772,0.001686341,-0.003364175,0.023871551
5/1/1944,12.35,0.039641854,0.043863051,0.113944259,0.024591403
6/1/1944,12.98,0.049753648,0.076837782,0.106388265,0.049753648
7/1/1944,12.71,-0.021020626,0.068374877,0.070061218,0.070061218
8/1/1944,12.82,0.008617366,0.037350388,0.08121344,0.08290692
9/1/1944,12.74,-0.006259801,-0.018663061,0.058174721,0.053195458
10/1/1944,12.78,0.003134799,0.005492364,0.07386724,0.070503066
11/1/1944,12.83,0.00390473,0.000779727,0.038130116,0.152074375
12/1/1944,13.28,0.034472965,0.041512494,0.022849433,0.129237698
1/1/1945,13.47,0.014205846,0.052583541,0.058075905,0.128137123
2/1/1945,14.3,0.059794547,0.108473359,0.109253086,0.190466525
3/1/1945,13.61,-0.049454721,0.024545673,0.066058167,0.124232888
4/1/1945,14.84,0.086521421,0.096861247,0.149444789,0.223312029
5/1/1945,15.01,0.011390408,0.048457108,0.156930467,0.195060583
6/1/1945,14.87,-0.009370885,0.088540944,0.113086616,0.135936049
7/1/1945,14.66,-0.014223064,-0.012203541,0.084657706,0.142733611
8/1/1945,15.51,0.056362281,0.032768332,0.08122544,0.190478526
9/1/1945,16.049999,0.03422381,0.076363027,0.164903971,0.230962137
10/1/1945,16.65,0.036701429,0.12728752,0.115083979,0.264528767
11/1/1945,17.190001,0.031917661,0.1028429,0.135611232,0.292541699
12/1/1945,17.360001,0.009840889,0.07845998,0.154823006,0.267909623
1/1/1946,18.57,0.067378609,0.109137159,0.236424679,0.321082385
2/1/1946,17.280001,-0.071997554,0.005221944,0.108064844,0.189290284
3/1/1946,18.040001,0.043041749,0.038422803,0.116882783,0.281786753
4/1/1946,18.76,0.039135374,0.010179568,0.119316727,0.234400706
5/1/1946,19.18,0.022141126,0.104318248,0.109540192,0.245151424
6/1/1946,18.43,-0.039888298,0.021388202,0.059811005,0.214634011
7/1/1946,17.959999,-0.025832764,-0.043579936,-0.033400368,0.203024311
8/1/1946,16.65,-0.075736791,-0.141457853,-0.037139605,0.070925239
9/1/1946,14.96,-0.107030244,-0.208599799,-0.187211598,-0.070328815
10/1/1946,14.84,-0.008053735,-0.190820769,-0.234400706,-0.115083979
11/1/1946,14.68,-0.010840215,-0.125924193,-0.267382046,-0.157841854
12/1/1946,15.3,0.041366805,0.022472856,-0.186126943,-0.126315938
1/1/1947,15.66,0.023256862,0.053783453,-0.137037317,-0.170437685
2/1/1947,15.43,-0.014796024,0.049827643,-0.07609655,-0.113236155
3/1/1947,15.17,-0.016993873,-0.008533035,0.013939821,-0.173271777
4/1/1947,14.58,-0.039669067,-0.071458964,-0.017675511,-0.252076217
5/1/1947,14.45,-0.008956312,-0.065619252,-0.015791609,-0.283173655
6/1/1947,15.21,0.051258692,0.002633313,-0.005899722,-0.192026665
7/1/1947,15.76,0.035521978,0.077824358,0.006365394,-0.130671923
8/1/1947,15.32,-0.02831592,0.05846475,-0.007154502,-0.083251052
9/1/1947,15.11,-0.013802388,-0.00659633,-0.003963017,0.009976804
10/1/1947,15.43,0.02095689,-0.021161418,0.05666294,0.038987429
11/1/1947,14.98,-0.029597688,-0.022443186,0.036021564,0.020229955
12/1/1947,15.3,0.02113685,0.012496052,0.005899722,0
1/1/1948,14.68,-0.041366805,-0.049827643,-0.070989061,-0.064623667
2/1/1948,13.93,-0.052441235,-0.07267119,-0.095114377,-0.102268879
3/1/1948,15.08,0.079324575,-0.014483466,-0.001987414,-0.005950431
4/1/1948,15.48,0.026179506,0.053062845,0.003235202,0.059898142
5/1/1948,16.690001,0.075260929,0.18076501,0.10809382,0.144115383
6/1/1948,16.74,0.002991267,0.104431702,0.089948237,0.095847959
7/1/1948,15.85,-0.054631565,0.023620632,0.076683477,0.005694416
8/1/1948,15.97,0.007542462,-0.044097835,0.136667174,0.041552798
9/1/1948,15.49,-0.030517308,-0.077606411,0.026825292,0.024837878
10/1/1948,16.5,0.063165726,0.040190881,0.063811513,0.067046715
11/1/1948,14.75,-0.112117298,-0.079468879,-0.123566715,-0.015472895
12/1/1948,15.2,0.030052345,-0.018899227,-0.096505637,-0.006557401
1/1/1949,15.22,0.001314925,-0.080750028,-0.040559148,0.036124329
2/1/1949,14.62,-0.040219898,-0.008852628,-0.088321508,0.048345667
3/1/1949,15.06,0.029651768,-0.009253205,-0.028152432,-0.00132714
4/1/1949,14.71,-0.023514688,-0.034082818,-0.114832846,-0.051021334
5/1/1949,14.19,-0.035990043,-0.029852963,-0.038705592,-0.162272306
6/1/1949,14.16,-0.002116403,-0.061621134,-0.07087434,-0.167379977
7/1/1949,15.04,0.06029223,0.022185784,-0.011897034,-0.052456182
8/1/1949,15.22,0.011897034,0.070072861,0.040219898,-0.04810161
9/1/1949,15.58,0.023377688,0.095566952,0.033945818,0.005793386
10/1/1949,16.040001,0.029097624,0.064372346,0.08655813,-0.028274716
11/1/1949,16.059999,0.001245981,0.053721294,0.123794155,0.085088563
12/1/1949,16.790001,0.044451884,0.07479549,0.170362442,0.099488103
1/1/1950,17.049999,0.015366614,0.06106448,0.125436827,0.113539793
2/1/1950,17.219999,0.009921296,0.069739795,0.123461088,0.163680987
3/1/1950,17.290001,0.004056917,0.029344827,0.104140317,0.138086135
4/1/1950,18.07,0.044124747,0.05810296,0.11916744,0.20572557
5/1/1950,18.780001,0.038539422,0.086721086,0.156460881,0.280255036
6/1/1950,17.690001,-0.059792962,0.022871207,0.052216034,0.222578476
7/1/1950,17.84,0.008443562,-0.012809977,0.045292982,0.170729809
8/1/1950,18.42,0.031993904,-0.019355496,0.06736559,0.190826678
9/1/1950,19.450001,0.054410091,0.094847557,0.117718764,0.221859081
10/1/1950,19.530001,0.004104675,0.090508669,0.077698691,0.196866131
11/1/1950,19.51,-0.001024641,0.057490124,0.038134628,0.194595508
12/1/1950,20.41,0.045097822,0.048177855,0.143025412,0.195241446
1/1/1951,21.66,0.059442265,0.103515445,0.194024114,0.239317096
2/1/1951,21.799999,0.006442682,0.110982769,0.168472893,0.235838483
3/1/1951,21.4,-0.018519002,0.047365945,0.095543801,0.213262564
4/1/1951,22.43,0.047008427,0.034932107,0.138447552,0.216146244
5/1/1951,21.52,-0.041416613,-0.012927189,0.098055581,0.136190208
6/1/1951,20.959999,-0.026366924,-0.02077511,0.026590835,0.169616247
7/1/1951,22.4,0.066445147,-0.00133839,0.033593717,0.227617832
8/1/1951,23.280001,0.038533707,0.078611931,0.065684742,0.234157635
9/1/1951,23.26,-0.000859519,0.104119335,0.083344225,0.178888026
10/1/1951,22.940001,-0.013852992,0.023821196,0.022482807,0.160930359
11/1/1951,22.879999,-0.002619032,-0.017331543,0.061280388,0.159335968
12/1/1951,23.77,0.038161159,0.021689134,0.12580847,0.152399305
1/1/1952,24.139999,0.015445893,0.050988019,0.074809215,0.108402933
2/1/1952,23.26,-0.037135027,0.016472024,-0.000859519,0.064825223
3/1/1952,24.370001,0.046617762,0.024928627,0.046617762,0.129961987
4/1/1952,23.32,-0.044041547,-0.034558813,0.016429206,0.038912013
5/1/1952,23.860001,0.022892097,0.025468311,0.041940336,0.103220723
6/1/1952,24.959999,0.045071045,0.023921595,0.048850222,0.174658692
7/1/1952,25.4,0.017474671,0.085437813,0.050879,0.125688215
8/1/1952,25.030001,-0.014674029,0.047871687,0.073339998,0.07248048
9/1/1952,24.540001,-0.019770665,-0.016970023,0.006951571,0.053569333
10/1/1952,24.52,-0.000815369,-0.035260063,0.05017775,0.066606956
11/1/1952,25.66,0.045444248,0.024858214,0.072729901,0.114670236
12/1/1952,26.57,0.034849401,0.07947828,0.062508256,0.111358478
1/1/1953,26.379999,-0.00717665,0.073116998,0.037856935,0.088735935
2/1/1953,25.9,-0.018363141,0.00930961,0.034167823,0.107507822
3/1/1953,25.290001,-0.023833868,-0.04937366,0.03010462,0.037056192
4/1/1953,24.620001,-0.026849939,-0.069046948,0.00407005,0.0542478
5/1/1953,24.540001,-0.003254681,-0.053938489,-0.044628879,0.028101021
6/1/1953,24.139999,-0.016434306,-0.046538926,-0.095912586,-0.033404329
7/1/1953,24.75,0.024955315,0.005266328,-0.06378062,-0.025923685
8/1/1953,23.32,-0.059514128,-0.050993119,-0.104931607,-0.070763784
9/1/1953,23.35,0.001285623,-0.03327319,-0.079812116,-0.049707496
10/1/1953,24.540001,0.049707496,-0.008521009,-0.003254681,0.000815369
11/1/1953,24.76,0.008924968,0.059918086,0.008924968,-0.035703911
12/1/1953,24.809999,0.00201731,0.060649773,0.027376583,-0.068536002
1/1/1954,26.08,0.04992198,0.060864257,0.052343248,-0.011437372
2/1/1954,26.15,0.002680453,0.054619743,0.114537829,0.009606222
3/1/1954,26.940001,0.029763018,0.082365451,0.143015224,0.063203108
4/1/1954,28.26,0.047835169,0.08027864,0.141142897,0.137888216
5/1/1954,29.190001,0.032378842,0.109977029,0.164596771,0.173521739
6/1/1954,29.209999,0.000684863,0.080898874,0.163264325,0.190640908
7/1/1954,30.879999,0.055597611,0.088661316,0.168939956,0.221283204
8/1/1954,29.83,-0.034594094,0.021688379,0.131665408,0.246203237
9/1/1954,32.310001,0.079862212,0.100865729,0.181764603,0.324779827
10/1/1954,31.68,-0.019691244,0.025576874,0.11423819,0.255381087
11/1/1954,34.240002,0.077709043,0.137880011,0.159568391,0.324165162
12/1/1954,35.98,0.049568619,0.107586418,0.208452146,0.371716471
1/1/1955,36.630001,0.017904376,0.145182037,0.170758911,0.339698867
2/1/1955,36.759998,0.003542639,0.071015633,0.208895645,0.340561053
3/1/1955,36.580002,-0.004908545,0.016538469,0.124124887,0.30588949
4/1/1955,37.959999,0.03703125,0.035665343,0.18084738,0.29508557
5/1/1955,37.91,-0.001318018,0.030804686,0.10182032,0.26138871
6/1/1955,41.029999,0.079088553,0.114801784,0.131340254,0.3397924
7/1/1955,43.52,0.05891712,0.136687655,0.172352998,0.34311191
8/1/1955,43.18,-0.007843177,0.130162496,0.160967182,0.369862827
9/1/1955,43.669998,0.011283897,0.06235784,0.177159624,0.301284511
10/1/1955,42.34,-0.030929056,-0.027488337,0.109199318,0.290046699
11/1/1955,45.509998,0.072199772,0.052554613,0.182717109,0.284537428
12/1/1955,45.48,-0.000659369,0.040611347,0.102969187,0.23430944
1/1/1956,43.82,-0.037182335,0.034358068,0.006869732,0.17922273
2/1/1956,45.34,0.034099311,-0.003742393,0.04881222,0.209779402
3/1/1956,48.48,0.066961697,0.063878673,0.10449002,0.281649644
4/1/1956,48.380001,-0.002064816,0.098996192,0.13335426,0.242553578
5/1/1956,45.200001,-0.067989417,-0.003092536,-0.006834929,0.175882179
6/1/1956,46.970001,0.038412012,-0.03164222,0.032236452,0.135205639
7/1/1956,49.389999,0.050238833,0.020661428,0.11965762,0.126527352
8/1/1956,47.509998,-0.038807781,0.049843064,0.046750528,0.095562748
9/1/1956,45.349998,-0.046530041,-0.035098989,-0.066741209,0.037748811
10/1/1956,45.580002,0.005058935,-0.080278887,-0.059617458,0.073736802
11/1/1956,45.080002,-0.011030334,-0.05250144,-0.002658375,-0.009493305
12/1/1956,46.669998,0.034662784,0.028691385,-0.006407604,0.025828848
1/1/1957,44.720001,-0.042680666,-0.019048216,-0.099327103,0.020330517
2/1/1957,43.259998,-0.033192477,-0.041210359,-0.093711799,-0.046961271
3/1/1957,44.110001,0.019458162,-0.05641498,-0.027723596,-0.094464805
4/1/1957,45.740002,0.036286696,0.022552381,0.003504165,-0.056113294
5/1/1957,47.43,0.036281708,0.092026566,0.050816206,0.048157831
6/1/1957,47.369999,-0.001265844,0.071302559,0.014887579,0.008479974
7/1/1957,47.91,0.011335155,0.046351019,0.0689034,-0.030423703
8/1/1957,45.220001,-0.057784762,-0.047715451,0.044311115,-0.049400684
9/1/1957,42.419998,-0.063919587,-0.110369194,-0.039066635,-0.06679023
10/1/1957,41.060001,-0.032585466,-0.154289815,-0.107938796,-0.104434632
11/1/1957,41.720001,0.015946218,-0.080558835,-0.128274286,-0.077458079
12/1/1957,39.990002,-0.042351181,-0.058990429,-0.169359623,-0.154472044
1/1/1958,41.700001,0.04187168,0.015466717,-0.138823098,-0.069919698
2/1/1958,40.84,-0.020839159,-0.021318661,-0.101877496,-0.057566381
3/1/1958,42.099998,0.0303857,0.05141822,-0.007572209,-0.046638844
4/1/1958,43.439999,0.031332959,0.0408795,0.056346217,-0.05159258
5/1/1958,44.09,0.014852347,0.076571006,0.055252345,-0.073021941
6/1/1958,45.240002,0.025748696,0.071934002,0.123352223,-0.0460074
7/1/1958,47.189999,0.042200289,0.082801332,0.123680832,-0.015142266
8/1/1958,47.75,0.011797082,0.079746068,0.156317074,0.054439578
9/1/1958,50.060001,0.047243239,0.101240611,0.173174613,0.165602404
10/1/1958,51.330002,0.02505311,0.084093431,0.166894763,0.22324098
11/1/1958,52.48,0.022156729,0.094453078,0.174199145,0.229451491
12/1/1958,55.209999,0.050711934,0.097921772,0.199162383,0.322514605
1/1/1959,55.450001,0.004337654,0.077206316,0.161299747,0.284980579
2/1/1959,55.41,-0.000721649,0.054327938,0.148781016,0.30509809
3/1/1959,55.439999,0.000541254,0.004157259,0.102079031,0.275253644
4/1/1959,57.59,0.038047605,0.03786721,0.115073526,0.281968289
5/1/1959,58.68,0.018750012,0.05733887,0.111666809,0.285865954
6/1/1959,58.470001,-0.003585134,0.053212482,0.057369741,0.256532124
7/1/1959,60.509998,0.034294788,0.049459666,0.087326876,0.248626623
8/1/1959,59.599998,-0.015153067,0.015556587,0.072895458,0.221676474
9/1/1959,56.880001,-0.046711737,-0.027570016,0.025642466,0.127721497
10/1/1959,57.52,0.01118891,-0.050675894,-0.001216228,0.113857298
11/1/1959,58.279999,0.013126251,-0.022396576,-0.006839989,0.10482682
12/1/1959,59.889999,0.027250565,0.051565727,0.02399571,0.081365451
1/1/1960,55.610001,-0.07414647,-0.033769654,-0.084445548,0.002881327
2/1/1960,56.119999,0.009129178,-0.037766727,-0.060163303,0.012732155
3/1/1960,55.34,-0.013996263,-0.079013555,-0.027447829,-0.001805362
4/1/1960,54.369999,-0.017683462,-0.022550546,-0.056320201,-0.057536429
5/1/1960,55.830002,0.026498882,-0.005180842,-0.042947569,-0.049787558
6/1/1960,56.919998,0.019335343,0.028150764,-0.050862791,-0.026867081
7/1/1960,55.509998,-0.025083589,0.020750636,-0.001799911,-0.086245459
8/1/1960,56.959999,0.025786101,0.020037854,0.014857012,-0.045306291
9/1/1960,53.52,-0.062293834,-0.061591322,-0.033440559,-0.060888387
10/1/1960,53.389999,-0.002431972,-0.038939705,-0.018189069,-0.07450927
11/1/1960,55.540001,0.039480056,-0.02524575,-0.005207895,-0.048155464
12/1/1960,58.110001,0.045234283,0.082282367,0.020691045,-0.030171746
1/1/1961,61.779999,0.061241888,0.145956228,0.107016523,0.105216612
2/1/1961,63.439999,0.02651489,0.132991062,0.107745312,0.122602324
3/1/1961,65.059998,0.025215329,0.112972107,0.195254474,0.161813916
4/1/1961,65.309998,0.003835243,0.055565462,0.20152169,0.183332621
5/1/1961,66.559998,0.018958633,0.048009205,0.181000267,0.175792371
6/1/1961,64.639999,-0.029270368,-0.006476492,0.106495615,0.127186661
7/1/1961,66.760002,0.03227073,0.021958995,0.077524457,0.18454098
8/1/1961,68.07,0.019432459,0.022432821,0.070442026,0.178187338
9/1/1961,66.730003,-0.019881916,0.031821273,0.025344782,0.220599256
10/1/1961,68.620003,0.027929409,0.027479952,0.049438948,0.250960637
11/1/1961,71.32,0.038592712,0.046640206,0.069073027,0.250073293
12/1/1961,71.550003,0.003219755,0.069741876,0.101563149,0.208058765
1/1/1962,68.839996,-0.038611635,0.003200832,0.030680784,0.108205242
2/1/1962,69.959999,0.016138723,-0.019253157,0.027387048,0.097829074
3/1/1962,69.550003,-0.005877674,-0.028350586,0.04139129,0.066736071
4/1/1962,65.239998,-0.063973214,-0.053712166,-0.050511334,-0.001072386
5/1/1962,59.630001,-0.089913927,-0.159764816,-0.179017973,-0.109944947
6/1/1962,54.75,-0.085381451,-0.239268593,-0.267619179,-0.16605603
7/1/1962,58.23,0.061623317,-0.113672061,-0.167384227,-0.136703443
8/1/1962,59.119999,0.015168574,-0.00858956,-0.168354376,-0.140967328
9/1/1962,56.27,-0.049407726,0.027384165,-0.211884428,-0.170493138
10/1/1962,56.52,0.004433024,-0.029806128,-0.143478189,-0.193989523
11/1/1962,62.259998,0.096724575,0.051749873,0.043160313,-0.13585766
12/1/1962,63.099998,0.013401605,0.114559204,0.141943369,-0.12567581
1/1/1963,66.199997,0.04795968,0.15808586,0.128279732,-0.039104496
2/1/1963,64.290001,-0.029276304,0.032084981,0.083834854,-0.084519522
3/1/1963,66.57,0.034849912,0.053533288,0.168092492,-0.043791936
4/1/1963,69.800003,0.047380027,0.052953635,0.211039495,0.067561306
5/1/1963,70.800003,0.01422499,0.096454929,0.12853991,0.171700223
6/1/1963,69.370003,-0.020404502,0.041200515,0.094733803,0.236677172
7/1/1963,69.129997,-0.003465794,-0.009645306,0.043308329,0.171588061
8/1/1963,72.5,0.047597815,0.023727519,0.120182448,0.204017302
9/1/1963,71.699997,-0.011095856,0.033036165,0.07423668,0.242329172
10/1/1963,74.010002,0.03170954,0.0682115,0.058566193,0.269605688
11/1/1963,73.230003,-0.010595032,0.010018652,0.033746171,0.162286081
12/1/1963,75.019997,0.024149491,0.045263999,0.078300164,0.173033967
1/1/1964,77.040001,0.026570076,0.040124534,0.108336034,0.151644363
2/1/1964,77.800003,0.009816689,0.060536256,0.070554908,0.190737356
3/1/1964,78.980003,0.015053224,0.051439989,0.096703988,0.170940668
4/1/1964,79.459999,0.006059044,0.030928957,0.071053492,0.129619685
5/1/1964,80.370003,0.011387272,0.03249954,0.093035796,0.126781966
6/1/1964,81.690002,0.01629061,0.033736926,0.085176915,0.163477079
7/1/1964,83.18,0.018075314,0.045753197,0.076682154,0.185018188
8/1/1964,81.830002,-0.016362985,0.018002939,0.050502479,0.121057387
9/1/1964,84.18,0.028313414,0.030025744,0.063762669,0.160466658
10/1/1964,84.860001,0.008045488,0.019995917,0.065749114,0.136802605
11/1/1964,84.419998,-0.005198535,0.031160368,0.049163307,0.142199103
12/1/1964,84.75,0.00390143,0.006748383,0.036774126,0.121951042
1/1/1965,87.559998,0.032618504,0.031321398,0.051317315,0.127999469
2/1/1965,87.43,-0.001485777,0.035034157,0.066194524,0.116697003
3/1/1965,86.160004,-0.014632394,0.016500333,0.023248716,0.087011385
4/1/1965,89.110001,0.033665494,0.017547323,0.048868721,0.114617835
5/1/1965,88.419998,-0.007773407,0.011259693,0.046293849,0.095457156
6/1/1965,84.120003,-0.049853779,-0.023961693,-0.00746136,0.029312767
7/1/1965,85.25,0.01334373,-0.044283457,-0.026736134,0.024581182
8/1/1965,87.169998,0.022272096,-0.014237954,-0.002978261,0.063216263
9/1/1965,89.959999,0.031504904,0.067120729,0.043159037,0.066407753
10/1/1965,92.419998,0.026978268,0.080755268,0.036471811,0.085340532
11/1/1965,91.610001,-0.008802937,0.049680235,0.035442281,0.08173613
12/1/1965,92.43,0.008911154,0.027086485,0.094207215,0.086745855
1/1/1966,92.879997,0.004856704,0.004964921,0.085720189,0.058984055
2/1/1966,91.220001,-0.018034123,-0.004266265,0.04541397,0.042435709
3/1/1966,89.230003,-0.022056843,-0.035234262,-0.008147776,0.03501126
4/1/1966,91.059998,0.020301268,-0.019789697,-0.014824776,0.021647035
5/1/1966,86.129997,-0.05566086,-0.057416434,-0.061682699,-0.026240418
6/1/1966,84.739998,-0.016270026,-0.051629618,-0.08686388,0.007343335
7/1/1966,83.599998,-0.013544225,-0.085475112,-0.105264809,-0.01954462
8/1/1966,77.099998,-0.080940242,-0.110754493,-0.168170928,-0.122756957
9/1/1966,76.559998,-0.007028534,-0.101513001,-0.153142619,-0.161290395
10/1/1966,80.199997,0.046448756,-0.041520019,-0.12699513,-0.141819906
11/1/1966,80.449997,0.003112359,0.042532582,-0.068221912,-0.129904611
12/1/1966,80.330002,-0.001492661,0.048068454,-0.053444547,-0.140308426
1/1/1967,86.610001,0.075272119,0.076891816,0.035371798,-0.069893011
2/1/1967,86.779999,0.001960875,0.075740333,0.118272914,-0.049898013
3/1/1967,90.199997,0.038653225,0.115886219,0.163954673,0.010812054
4/1/1967,94.010002,0.041371787,0.081985887,0.158877703,0.031882573
5/1/1967,89.080002,-0.053866316,0.026158696,0.101899029,0.033677117
6/1/1967,90.639999,0.017360741,0.004866212,0.120752431,0.067307884
7/1/1967,94.75,0.044346238,0.007840663,0.08982655,0.125198348
8/1/1967,93.639999,-0.011784212,0.049922767,0.076081463,0.194354377
9/1/1967,96.709999,0.032259167,0.064821194,0.069687406,0.233642078
10/1/1967,93.300003,-0.035896659,-0.015421704,-0.007581041,0.151296663
11/1/1967,94,0.007474642,0.00383715,0.053759917,0.155658946
12/1/1967,96.470001,0.025937307,-0.00248471,0.062336484,0.183088914
1/1/1968,92.239998,-0.044838235,-0.011426286,-0.02684799,0.06297856
2/1/1968,89.360001,-0.031720688,-0.050621616,-0.046784466,0.029296997
3/1/1968,90.199997,0.009356228,-0.067202696,-0.069687406,0
4/1/1968,97.459999,0.077412633,0.055048173,0.043621887,0.036040846
5/1/1968,98.68,0.012440265,0.099209126,0.048587509,0.102347427
6/1/1968,99.580002,0.00907907,0.098931967,0.031729272,0.094065756
7/1/1968,97.739998,-0.01865049,0.002868844,0.057917017,0.031069027
8/1/1968,98.860001,0.011393847,0.001822426,0.101031552,0.054247086
9/1/1968,102.669998,0.037815224,0.030558581,0.129490548,0.059803142
10/1/1968,103.410004,0.007181766,0.056390836,0.059259681,0.102881568
11/1/1968,108.370003,0.046849618,0.091846608,0.093669034,0.142256543
12/1/1968,103.860001,-0.042507478,0.011523906,0.042082487,0.073811758
1/1/1969,103.010002,-0.008217758,-0.003875618,0.052515219,0.110432236
2/1/1969,98.129997,-0.048532991,-0.099258226,-0.007411618,0.093619934
3/1/1969,101.510002,0.033864236,-0.022886513,-0.011362606,0.118127942
4/1/1969,103.690002,0.021248362,0.006579608,0.00270399,0.061963671
5/1/1969,103.459999,-0.002220643,0.052891955,-0.046366271,0.047302763
6/1/1969,97.709999,-0.057181157,-0.038153438,-0.06103995,-0.018957464
7/1/1969,91.830002,-0.062064834,-0.121466634,-0.114887027,-0.062371808
8/1/1969,95.510002,0.039291912,-0.07995408,-0.027062125,-0.034473743
9/1/1969,93.120003,-0.025341959,-0.048114882,-0.086268319,-0.097630926
10/1/1969,97.120003,0.042058342,0.056008295,-0.06545834,-0.06275435
11/1/1969,93.809998,-0.034675919,-0.017959536,-0.097913616,-0.144279887
12/1/1969,92.059998,-0.018830922,-0.0114485,-0.059563381,-0.120603331
1/1/1970,85.019997,-0.079554029,-0.133060871,-0.077052576,-0.191939603
2/1/1970,89.5,0.051352138,-0.047032814,-0.06499235,-0.092054474
3/1/1970,89.629997,0.001451427,-0.026750465,-0.038198964,-0.124467284
4/1/1970,81.519997,-0.0948417,-0.042038136,-0.175099006,-0.240557346
5/1/1970,76.550003,-0.062904191,-0.156294464,-0.203327278,-0.301240894
6/1/1970,72.720001,-0.051327698,-0.209073588,-0.235824053,-0.295387434
7/1/1970,78.050003,0.070733222,-0.043498667,-0.085536802,-0.162589378
8/1/1970,81.519997,0.043498667,0.062904191,-0.093390273,-0.158382623
9/1/1970,84.300003,0.033533548,0.147765437,-0.061308151,-0.099507116
10/1/1970,83.25,-0.012533772,0.064498443,0.020999777,-0.154099229
11/1/1970,87.199997,0.046356168,0.067355944,0.130260135,-0.073067142
12/1/1970,92.150002,0.055213409,0.089035805,0.236801242,0.000977189
1/1/1971,95.879997,0.039679672,0.141249249,0.205747693,0.120210891
2/1/1971,96.75,0.009032954,0.103926035,0.17128198,0.077891707
3/1/1971,100.309998,0.036135039,0.084847665,0.17388347,0.112575319
4/1/1971,103.949997,0.035644614,0.080812607,0.222061857,0.243061633
5/1/1971,99.629997,-0.042446691,0.029332962,0.133258997,0.263519133
6/1/1971,98.699997,-0.009378378,-0.016180455,0.06866721,0.305468452
7/1/1971,95.580002,-0.032121302,-0.083946371,-0.003133764,0.202613929
8/1/1971,99.029999,0.03545921,-0.00604047,0.023292493,0.194574472
9/1/1971,98.339996,-0.006992003,-0.003654095,-0.01983455,0.154048921
10/1/1971,94.230003,-0.042692187,-0.01422498,-0.098171351,0.123890505
11/1/1971,93.989998,-0.002550262,-0.052234452,-0.058274922,0.074984076
12/1/1971,102.089996,0.082666366,0.037423917,0.033769822,0.102437032
1/1/1972,103.940002,0.017959091,0.098075195,0.083850215,0.080716451
2/1/1972,106.57,0.024988217,0.125613674,0.073379222,0.096671714
3/1/1972,107.199997,0.005894174,0.048841483,0.086265399,0.06643085
4/1/1972,107.669998,0.004374755,0.035257146,0.133332341,0.03516099
5/1/1972,109.529999,0.0171275,0.027396429,0.153010103,0.094735181
6/1/1972,107.139999,-0.022062094,-0.00055984,0.048281643,0.082051465
7/1/1972,107.389999,0.002330677,-0.002603917,0.03265323,0.116503444
8/1/1972,111.089996,0.033873589,0.014142172,0.041538601,0.114917823
9/1/1972,110.550003,-0.004872713,0.031331553,0.030771714,0.117037113
10/1/1972,111.580002,0.009273906,0.038274782,0.035670865,0.169003206
11/1/1972,116.669998,0.044607579,0.049008772,0.063150944,0.216161047
12/1/1972,118.050003,0.011758869,0.065640355,0.096971908,0.145253551
1/1/1973,116.029999,-0.017259519,0.039106929,0.077381711,0.110034941
2/1/1973,111.68,-0.038211131,-0.043711781,0.005296991,0.046835593
3/1/1973,111.519997,-0.001433719,-0.056904369,0.008735986,0.039507699
4/1/1973,106.970001,-0.041655489,-0.081300339,-0.04219341,-0.006522545
5/1/1973,104.949997,-0.019064413,-0.062153621,-0.105865402,-0.042714458
6/1/1973,104.260002,-0.006596219,-0.067316122,-0.12422049,-0.027248583
7/1/1973,108.220001,0.037278403,0.011617771,-0.069682568,0.007699143
8/1/1973,104.25,-0.037374341,-0.006692157,-0.068845778,-0.063548787
9/1/1973,108.43,0.039312943,0.039217005,-0.028099117,-0.019363131
10/1/1973,108.290001,-0.001291981,0.000646621,0.012264392,-0.029929017
11/1/1973,95.959999,-0.120881395,-0.082860433,-0.08955259,-0.195417992
12/1/1973,97.550003,0.01643367,-0.105739706,-0.066522701,-0.190743191
1/1/1974,96.57,-0.010096964,-0.114544689,-0.113898067,-0.183580636
2/1/1974,96.220001,-0.003630887,0.002705819,-0.080154614,-0.149000392
3/1/1974,93.980003,-0.023555221,-0.037283072,-0.143022778,-0.171121895
4/1/1974,90.309998,-0.039833851,-0.06701996,-0.181564649,-0.169300257
5/1/1974,87.279999,-0.034126844,-0.097515917,-0.094810097,-0.184362688
6/1/1974,86,-0.014774034,-0.088734729,-0.126017802,-0.192540502
7/1/1974,79.309998,-0.080983097,-0.129883975,-0.196903935,-0.310802003
8/1/1974,72.150002,-0.094616886,-0.190374017,-0.287889934,-0.368044548
9/1/1974,63.540001,-0.127077668,-0.302677652,-0.391412381,-0.534435159
10/1/1974,73.900002,0.15104321,-0.070651344,-0.200535319,-0.382099968
11/1/1974,69.970001,-0.054646262,-0.03068072,-0.221054737,-0.315864835
12/1/1974,68.559998,-0.020357348,0.076039601,-0.226638051,-0.352655853
1/1/1975,76.980003,0.115836442,0.040832832,-0.029818512,-0.226722447
2/1/1975,81.589996,0.05816097,0.153640063,0.122959343,-0.16493059
3/1/1975,83.360001,0.021461934,0.195459345,0.271498945,-0.119913436
4/1/1975,87.300003,0.046181907,0.12580481,0.166637642,-0.033897677
5/1/1975,91.150002,0.043156026,0.110799867,0.26443993,0.043385193
6/1/1975,95.190002,0.043368392,0.132706325,0.32816567,0.101527619
7/1/1975,88.75,-0.070051487,0.016472931,0.142277742,0.112459229
8/1/1975,86.879997,-0.021295607,-0.047978701,0.062821165,0.185780509
9/1/1975,83.870003,-0.035259805,-0.126606899,0.006099427,0.277598372
10/1/1975,89.040001,0.059817701,0.00326229,0.019735221,0.186372863
11/1/1975,91.239998,0.024407657,0.048965554,0.000986852,0.265426782
12/1/1975,90.190002,-0.011574797,0.072650562,-0.053956337,0.274209333
1/1/1976,100.860001,0.111814848,0.124647708,0.127909998,0.27018774
2/1/1976,99.709999,-0.011467464,0.088772587,0.137738141,0.200559306
3/1/1976,102.769997,0.03022749,0.130574874,0.203225436,0.209324862
4/1/1976,101.639999,-0.011056304,0.007703722,0.13235143,0.152086651
5/1/1976,100.18,-0.014468581,0.004702605,0.093475192,0.094462045
6/1/1976,104.279999,0.040111012,0.014586127,0.145161001,0.091204664
7/1/1976,103.440002,-0.008087826,0.017554605,0.025258327,0.153168325
8/1/1976,102.910004,-0.005136895,0.026886291,0.031588896,0.169327037
9/1/1976,105.239998,0.022388578,0.009163858,0.023749985,0.22697542
10/1/1976,102.900002,-0.022485775,-0.005234092,0.012320514,0.144671944
11/1/1976,102.099998,-0.007804957,-0.007902153,0.018984138,0.11245933
12/1/1976,107.459999,0.05116597,0.020875239,0.030039097,0.175200098
1/1/1977,102.029999,-0.051851798,-0.008490784,-0.013724876,0.011533451
2/1/1977,99.82,-0.021898314,-0.022584142,-0.030486295,0.001102601
3/1/1977,98.419998,-0.014124549,-0.087874661,-0.066999422,-0.043249437
4/1/1977,98.440002,0.000203231,-0.035819632,-0.044310416,-0.031989903
5/1/1977,96.120003,-0.023849804,-0.037771122,-0.060355264,-0.041371126
6/1/1977,100.480003,0.04436129,0.020714717,-0.067159943,-0.037120847
7/1/1977,98.849998,-0.016355203,0.004156284,-0.031663349,-0.045388224
8/1/1977,96.769997,-0.021266531,0.006739556,-0.031031566,-0.061517861
9/1/1977,96.529999,-0.002483167,-0.040104902,-0.019390185,-0.086389607
10/1/1977,92.339996,-0.044376457,-0.068126156,-0.063969872,-0.108280289
11/1/1977,94.830002,0.026608462,-0.020251162,-0.013511606,-0.07386687
12/1/1977,95.099998,0.002843113,-0.014924882,-0.055029784,-0.122189727
1/1/1978,89.25,-0.063487528,-0.034035953,-0.102162109,-0.133825457
2/1/1978,87.040001,-0.025073626,-0.085718041,-0.105969203,-0.137000769
3/1/1978,89.209999,0.024625335,-0.063935819,-0.078860701,-0.098250885
4/1/1978,96.830002,0.081963755,0.081515464,0.047479511,-0.016490362
5/1/1978,97.239998,0.004225245,0.110814334,0.025096293,0.011584687
6/1/1978,95.529999,-0.017741805,0.068447194,0.004511375,-0.050518409
7/1/1978,100.68,0.052506846,0.038990286,0.12050575,0.018343641
8/1/1978,103.290001,0.025593405,0.060358447,0.171172781,0.065203578
9/1/1978,102.540001,-0.0072876,0.070812652,0.139259846,0.060399146
10/1/1978,93.150002,-0.096041858,-0.077736052,-0.038745766,0.008733745
11/1/1978,94.699997,0.01650285,-0.086826607,-0.02646816,-0.001371867
12/1/1978,96.110001,0.014779411,-0.064759597,0.006053055,0.010564431
1/1/1979,99.93,0.038976562,0.070258822,-0.007477229,0.11302852
2/1/1979,96.279999,-0.037209338,0.016546634,-0.070279973,0.100892808
3/1/1979,101.589996,0.053684463,0.055451686,-0.00930791,0.129951936
4/1/1979,101.760002,0.001672054,0.018147178,0.088406001,0.049660235
5/1/1979,99.080002,-0.026689494,0.028667022,0.045213656,0.018745496
6/1/1979,102.910004,0.037927234,0.012909793,0.068361479,0.074414535
7/1/1979,103.809998,0.008707427,0.019945167,0.038092345,0.030615116
8/1/1979,109.32,0.051717075,0.098351736,0.127018759,0.056738785
9/1/1979,109.32,0,0.060424502,0.073334295,0.064026385
10/1/1979,101.82,-0.071072813,-0.019355737,0.000589429,0.08899543
11/1/1979,106.160004,0.041740879,-0.029331933,0.069019803,0.114233459
12/1/1979,107.940002,0.016628108,-0.012703825,0.047720677,0.116082156
1/1/1980,114.160004,0.056025472,0.11439446,0.095038722,0.133131067
2/1/1980,113.660004,-0.004389437,0.068264143,0.03893221,0.165950969
3/1/1980,102.089996,-0.107356833,-0.055720798,-0.068424623,0.004909672
4/1/1980,106.290001,0.040316479,-0.071429791,0.042964668,0.043554098
5/1/1980,111.239998,0.045518794,-0.02152156,0.046742584,0.115762387
6/1/1980,114.239998,0.02661147,0.112446743,0.056725945,0.104446622
7/1/1980,121.669998,0.063010964,0.135141228,0.063711437,0.158750159
8/1/1980,122.379997,0.005818488,0.095440922,0.073919362,0.112851572
9/1/1980,125.459999,0.024856041,0.093685494,0.206132237,0.137707614
10/1/1980,127.470001,0.015894076,0.046568605,0.181709834,0.224674502
11/1/1980,140.520004,0.097468805,0.138218922,0.233659844,0.280402428
12/1/1980,135.759995,-0.034461272,0.078901609,0.172587103,0.229313048
1/1/1981,129.550003,-0.046821654,0.01618588,0.062754485,0.126465922
2/1/1981,131.270004,0.013189371,-0.068093555,0.070125368,0.14404473
3/1/1981,136,0.035398584,0.001766302,0.080667911,0.286800148
4/1/1981,132.809998,-0.023735365,0.02485259,0.04103847,0.222748303
5/1/1981,132.589996,-0.00165789,0.010005329,-0.058088226,0.175571619
6/1/1981,131.210007,-0.010462483,-0.035855739,-0.034089438,0.138497665
7/1/1981,130.919998,-0.002212712,-0.014333086,0.010519504,0.073273989
8/1/1981,122.790001,-0.064110847,-0.076786043,-0.066780714,0.003344654
9/1/1981,116.18,-0.055334875,-0.121658434,-0.157514173,-0.076846262
10/1/1981,121.889999,0.047978278,-0.071467444,-0.08580053,-0.04476206
11/1/1981,126.349998,0.035936828,0.028580231,-0.048205812,-0.106294038
12/1/1981,122.550003,-0.030536684,0.053378422,-0.068280012,-0.10236945
1/1/1982,120.400002,-0.017699585,-0.012299441,-0.083766885,-0.073247381
2/1/1982,113.110001,-0.062458744,-0.110695013,-0.082114782,-0.148895496
3/1/1982,111.959999,-0.01021915,-0.090377479,-0.036999057,-0.19451323
4/1/1982,116.440002,0.03923448,-0.033443413,-0.045742854,-0.131543384
5/1/1982,111.879997,-0.039949295,-0.010933964,-0.121628976,-0.169834788
6/1/1982,109.610001,-0.020498221,-0.021213035,-0.111590514,-0.179870526
7/1/1982,107.089996,-0.023259055,-0.083706571,-0.117149984,-0.200916869
8/1/1982,119.510002,0.109730502,0.065973225,0.055039261,-0.027075521
9/1/1982,120.419998,0.007585549,0.094056995,0.07284396,0.035844903
10/1/1982,133.720001,0.104762454,0.222078504,0.138371933,0.092629079
11/1/1982,138.529999,0.035338832,0.147686835,0.21366006,0.092031083
12/1/1982,140.639999,0.015116525,0.155217811,0.249274806,0.137684292
1/1/1983,145.300003,0.032597164,0.083052522,0.305131026,0.187981042
2/1/1983,148.059998,0.018816992,0.066530682,0.214217517,0.269256778
3/1/1983,152.960007,0.032558912,0.083973068,0.23919088,0.312034839
4/1/1983,164.429993,0.07230841,0.123684314,0.206736836,0.345108769
5/1/1983,162.389999,-0.012484062,0.09238326,0.158913942,0.372574002
6/1/1983,167.639999,0.031817974,0.091642322,0.17561539,0.424890197
7/1/1983,162.559998,-0.030771665,-0.011437753,0.112246561,0.417377587
8/1/1983,164.399994,0.011255294,0.012301603,0.104684863,0.31890238
9/1/1983,166.070007,0.010106982,-0.009409389,0.082232933,0.321423813
10/1/1983,163.550003,-0.015290656,0.00607162,-0.005366133,0.201370703
11/1/1983,166.399994,0.01727572,0.012092046,0.024393649,0.183307591
12/1/1983,164.929993,-0.008873393,-0.006888329,-0.016297718,0.159317672
1/1/1984,163.410004,-0.009258694,-0.000856368,0.005215252,0.117461813
2/1/1984,157.059998,-0.039634519,-0.057766607,-0.045674561,0.059010302
3/1/1984,159.179993,0.013407708,-0.035485506,-0.042373835,0.039859098
4/1/1984,160.050003,0.005450692,-0.020776119,-0.021632487,-0.02699862
5/1/1984,150.550003,-0.06119101,-0.04233261,-0.100099217,-0.075705568
6/1/1984,153.179993,0.01731838,-0.038421939,-0.073907444,-0.090205162
7/1/1984,150.660004,-0.016587986,-0.060460616,-0.081236736,-0.076021483
8/1/1984,166.679993,0.101050096,0.10178049,0.059447879,0.013773318
9/1/1984,166.100006,-0.003485712,0.080976398,0.042554459,0.000180624
10/1/1984,166.089996,-6.03E-05,0.097504117,0.037043501,0.015411014
11/1/1984,163.580002,-0.015227606,-0.018773585,0.083006905,-0.017092313
12/1/1984,167.240005,0.022127757,0.006839884,0.087816282,0.013908837
1/1/1985,179.630005,0.071469271,0.078369422,0.175873539,0.094636803
2/1/1985,181.179993,0.008591766,0.102188794,0.083415209,0.142863088
3/1/1985,180.660004,-0.00287414,0.077186897,0.084026781,0.12658124
4/1/1985,179.830002,-0.004604863,0.001112764,0.079482185,0.116525686
5/1/1985,189.550003,0.052640886,0.045161884,0.147350678,0.230357583
6/1/1985,191.850006,0.01206099,0.060097014,0.137283912,0.225100193
7/1/1985,190.919998,-0.004859366,0.05984251,0.060955274,0.236828813
8/1/1985,188.630005,-0.012067031,-0.004865407,0.040296477,0.123711686
9/1/1985,182.080002,-0.035341289,-0.052267686,0.007829328,0.091856109
10/1/1985,189.820007,0.04163013,-0.00577819,0.05406432,0.133546506
11/1/1985,202.169998,0.063032626,0.069321467,0.06445606,0.211806738
12/1/1985,211.279999,0.044075346,0.148738101,0.096470415,0.233754327
1/1/1986,211.779999,0.002363732,0.109471704,0.103693514,0.164648788
2/1/1986,226.919998,0.069049528,0.115488606,0.184810073,0.22510655
3/1/1986,238.899994,0.051447506,0.122860766,0.271598867,0.279428195
4/1/1986,235.520004,-0.014249177,0.106247857,0.215719561,0.269783881
5/1/1986,247.350006,0.049008509,0.086206838,0.201695444,0.266151504
6/1/1986,250.839996,0.014010908,0.048770241,0.171631006,0.268101422
7/1/1986,236.119995,-0.060475141,0.002544277,0.108792134,0.212485648
8/1/1986,252.929993,0.068772614,0.022308381,0.108515219,0.293325292
9/1/1986,231.320007,-0.089310679,-0.081013206,-0.032242966,0.239355902
10/1/1986,243.979996,0.053284175,0.032746109,0.035290386,0.251009947
11/1/1986,249.220001,0.021249806,-0.014776698,0.007531683,0.209227127
12/1/1986,242.169998,-0.028696094,0.045837887,-0.035175319,0.136455687
1/1/1987,274.079987,0.123780037,0.116333749,0.149079858,0.257871992
2/1/1987,284.200012,0.036258271,0.131342213,0.116565515,0.225080734
3/1/1987,291.700012,0.02604766,0.186085967,0.231923854,0.199680889
4/1/1987,288.359985,-0.01151627,0.05078966,0.167123409,0.202413795
5/1/1987,290.100006,0.006016064,0.020547454,0.151889667,0.15942135
6/1/1987,304,0.04680199,0.041301783,0.227387751,0.192212432
7/1/1987,318.660004,0.047097015,0.099915069,0.150704729,0.299784587
8/1/1987,329.799988,0.034361658,0.128260662,0.148808116,0.265373631
9/1/1987,321.829987,-0.024462958,0.056995714,0.098297497,0.330221352
10/1/1987,251.789993,-0.245428036,-0.235529337,-0.135614269,0.031509141
11/1/1987,230.300003,-0.089212559,-0.359103554,-0.230842892,-0.078953225
12/1/1987,247.080002,0.070329359,-0.264311237,-0.207315522,0.020072228
1/1/1988,257.070007,0.03963627,0.02075307,-0.214776268,-0.064071539
2/1/1988,267.820007,0.040966691,0.150932319,-0.208171235,-0.059363119
3/1/1988,258.890015,-0.03391182,0.04669114,-0.217620096,-0.119322599
4/1/1988,261.329987,0.009380608,0.016435478,0.037188548,-0.098425721
5/1/1988,262.160004,0.003171093,-0.02136012,0.1295722,-0.101270692
6/1/1988,273.5,0.042346602,0.054898303,0.101589443,-0.10572608
7/1/1988,272.019989,-0.005426069,0.040091626,0.056527104,-0.158249164
8/1/1988,261.519989,-0.039364832,-0.002444299,-0.023804419,-0.231975653
9/1/1988,271.910004,0.038960424,-0.005830478,0.049067825,-0.168552272
10/1/1988,278.970001,0.025633109,0.0252287,0.065320326,0.102508874
11/1/1988,273.700012,-0.019071593,0.04552194,0.04307764,0.17264984
12/1/1988,277.720001,0.014580756,0.021142272,0.015311794,0.116901237
1/1/1989,297.470001,0.068699967,0.06420913,0.08943783,0.145964934
2/1/1989,288.859985,-0.029371293,0.05390943,0.099431369,0.075626951
3/1/1989,294.869995,0.020592475,0.059921149,0.08106342,0.130131245
4/1/1989,309.640015,0.048875816,0.040096998,0.104306128,0.169626454
5/1/1989,320.519989,0.034534262,0.104002553,0.157911983,0.200989623
6/1/1989,317.980011,-0.00795612,0.075453958,0.135375107,0.1506869
7/1/1989,346.079987,0.084681402,0.111259544,0.151356542,0.240794372
8/1/1989,351.450012,0.015397563,0.092122845,0.196125398,0.295556767
9/1/1989,349.149994,-0.006565876,0.09351309,0.168967048,0.250030468
10/1/1989,340.359985,-0.025497775,-0.016666088,0.094593456,0.198899584
11/1/1989,345.98999,0.016406007,-0.015657644,0.076465201,0.234377184
12/1/1989,353.399994,0.021190699,0.012098931,0.105612021,0.240987127
1/1/1990,329.079987,-0.0712997,-0.033702994,-0.050369082,0.10098746
2/1/1990,331.890015,0.008502791,-0.04160621,-0.057263854,0.138861544
3/1/1990,339.940002,0.023965503,-0.038831406,-0.026732475,0.142234573
4/1/1990,330.799988,-0.02725521,0.005213084,-0.02848991,0.066103546
5/1/1990,361.230011,0.088000978,0.084711271,0.043105061,0.119570262
6/1/1990,358.019989,-0.008926085,0.051819683,0.012988277,0.118600298
7/1/1990,356.149994,-0.005236846,0.073838047,0.079051131,0.028682049
8/1/1990,322.559998,-0.099062814,-0.113225746,-0.028514475,-0.085778329
9/1/1990,306.049988,-0.052540711,-0.156840372,-0.105020689,-0.131753164
10/1/1990,304,-0.006720747,-0.158324272,-0.084486225,-0.112976136
11/1/1990,322.220001,0.058206844,-0.001054614,-0.11428036,-0.071175299
12/1/1990,330.220001,0.024524557,0.076010654,-0.080829718,-0.067841441
1/1/1991,343.929993,0.040679026,0.123410427,-0.034913846,0.044137285
2/1/1991,367.070007,0.065114457,0.130318039,0.129263425,0.100748951
3/1/1991,375.220001,0.021959939,0.127753421,0.203764075,0.098743386
4/1/1991,375.339996,0.000319748,0.087394143,0.21080457,0.126318344
5/1/1991,389.829987,0.037878442,0.060158129,0.190476168,0.076195808
6/1/1991,371.160004,-0.049077466,-0.010879276,0.116874145,0.036044427
7/1/1991,387.809998,0.043882277,0.032683253,0.120077396,0.08516355
8/1/1991,395.429993,0.019458239,0.014263049,0.074421178,0.203684603
9/1/1991,387.859985,-0.019329352,0.044011164,0.033131888,0.236895963
10/1/1991,392.450012,0.01176476,0.011893647,0.0445769,0.25538147
11/1/1991,375.220001,-0.044896648,-0.052461239,-0.03819819,0.152277978
12/1/1991,417.089996,0.105789493,0.072657605,0.116668769,0.233542914
1/1/1992,408.779999,-0.020124905,0.04076794,0.052661588,0.172738984
2/1/1992,412.700012,0.009543854,0.095208443,0.042747203,0.117168381
3/1/1992,403.690002,-0.022073704,-0.032654755,0.040002851,0.073134738
4/1/1992,414.950012,0.027510798,0.014980948,0.055748889,0.100325789
5/1/1992,415.350006,0.000963493,0.006400587,0.101609029,0.063410839
6/1/1992,408.140015,-0.017511263,0.010963028,-0.021691727,0.094977042
7/1/1992,424.209991,0.038618305,0.022070534,0.037051483,0.089713071
8/1/1992,414.029999,-0.024290162,-0.00318312,0.003217467,0.04596467
9/1/1992,417.799988,0.009064388,0.023392531,0.034355559,0.074358409
10/1/1992,418.679993,0.002104068,-0.013121706,0.008948828,0.064697717
11/1/1992,431.350006,0.029812951,0.040981407,0.037798287,0.139407316
12/1/1992,435.709991,0.010057024,0.041974043,0.065366574,0.043674848
1/1/1993,438.779999,0.007021282,0.046891258,0.033769552,0.070821035
2/1/1993,443.380005,0.010429055,0.027507362,0.068488769,0.071706236
3/1/1993,451.670013,0.018524652,0.03597499,0.077949033,0.112304592
4/1/1993,440.190002,-0.025745397,0.00320831,0.050099568,0.059048396
5/1/1993,450.190002,0.022463264,0.015242519,0.042749881,0.080548168
6/1/1993,450.529999,0.000754945,-0.002527188,0.033447802,0.098814376
7/1/1993,448.130005,-0.005341285,0.017876924,0.021085234,0.054854786
8/1/1993,463.559998,0.033852442,0.029266102,0.044508621,0.11299739
9/1/1993,458.929993,-0.010038144,0.018473012,0.015945824,0.093894857
10/1/1993,467.829987,0.019207277,0.043021574,0.060898498,0.110998066
11/1/1993,461.790009,-0.012994692,-0.00382556,0.025440541,0.068190422
12/1/1993,466.450012,0.010040597,0.016253181,0.034726194,0.068173995
1/1/1994,481.609985,0.031983768,0.029029672,0.072051247,0.093136481
2/1/1994,467.140015,-0.030505596,0.011518769,0.007693209,0.052201829
3/1/1994,445.769989,-0.046825931,-0.04534776,-0.029094578,-0.013148754
4/1/1994,450.910004,0.011464673,-0.065866855,-0.036837182,0.024061315
5/1/1994,456.5,0.012320928,-0.023040331,-0.011521562,0.01391898
6/1/1994,444.269989,-0.027156239,-0.003370638,-0.048718398,-0.013992204
7/1/1994,458.26001,0.031004269,0.016168959,-0.049697896,0.02235335
8/1/1994,475.48999,0.0369091,0.04075713,0.0177168,0.025410008
9/1/1994,462.709991,-0.027245342,0.040668028,0.037297389,0.008202811
10/1/1994,472.350006,0.02061976,0.030283518,0.046452477,0.009615295
11/1/1994,453.690002,-0.040306099,-0.04693168,-0.00617455,-0.017696112
12/1/1994,459.269989,0.012224099,-0.00746224,0.033205788,-0.015512611
1/1/1995,470.420013,0.023987692,-0.004094309,0.02618921,-0.023508686
2/1/1995,487.390015,0.035438714,0.071650505,0.024718824,0.042435624
3/1/1995,500.709991,0.026962418,0.086388825,0.078926585,0.116223974
4/1/1995,514.710022,0.027576605,0.089977738,0.085883429,0.132335906
5/1/1995,533.400024,0.035667979,0.090207002,0.161857507,0.155682957
6/1/1995,544.75,0.021055317,0.084299901,0.170688725,0.203894513
7/1/1995,562.059998,0.031281628,0.088004924,0.177982662,0.204171872
8/1/1995,561.880005,-0.000320289,0.052016656,0.142223658,0.166942483
9/1/1995,584.409973,0.039314432,0.070275771,0.154575672,0.233502257
10/1/1995,581.5,-0.004991773,0.03400237,0.122007294,0.207890723
11/1/1995,605.369995,0.040228861,0.07455152,0.126568176,0.288425683
12/1/1995,615.929993,0.017293476,0.052530564,0.122806336,0.293495061
1/1/1996,636.02002,0.032096731,0.089619069,0.123621439,0.301604101
2/1/1996,640.429993,0.006909774,0.056299982,0.130851502,0.27307516
3/1/1996,645.5,0.007885395,0.046891901,0.099422465,0.253998137
4/1/1996,654.169983,0.01334202,0.02813719,0.117756259,0.239763553
5/1/1996,669.119995,0.022596178,0.043823594,0.100123576,0.226691752
6/1/1996,670.630005,0.002254168,0.038192366,0.085084267,0.207890603
7/1/1996,639.950012,-0.046827509,-0.021977163,0.006160026,0.129781465
8/1/1996,651.98999,0.018639142,-0.0259342,0.017889394,0.148740896
9/1/1996,687.330017,0.052785342,0.024596974,0.062789341,0.162211806
10/1/1996,705.27002,0.025766186,0.09719067,0.075213506,0.192969765
11/1/1996,757.02002,0.070808963,0.149360491,0.123426291,0.223549867
12/1/1996,740.73999,-0.021740027,0.074835122,0.099432096,0.184516364
1/1/1997,786.159973,0.059510627,0.108579563,0.205770233,0.211930259
2/1/1997,790.820007,0.005910091,0.043680691,0.193041182,0.210930576
3/1/1997,757.119995,-0.043548636,0.021872082,0.096707204,0.159496544
4/1/1997,801.340027,0.056763605,0.01912506,0.127704624,0.20291813
5/1/1997,848.280029,0.056925444,0.070140413,0.113821105,0.237247395
6/1/1997,885.140015,0.042535037,0.156224087,0.178096169,0.277528265
7/1/1997,954.309998,0.075242723,0.174703204,0.193828264,0.399598497
8/1/1997,899.469971,-0.059182895,0.058594865,0.128735278,0.32177646
9/1/1997,947.280029,0.051789082,0.067848909,0.224072996,0.3207802
10/1/1997,914.619995,-0.035086078,-0.042479891,0.132223313,0.259927936
11/1/1997,955.400024,0.043621453,0.060324457,0.118919322,0.232740426
12/1/1997,970.429993,0.015609139,0.024144514,0.091993423,0.270089592
1/1/1998,980.280029,0.01009901,0.069329602,0.026849711,0.220677975
2/1/1998,1049.339966,0.068078367,0.093786516,0.154110973,0.282846251
3/1/1998,1101.75,0.048738462,0.126915839,0.151060353,0.375133349
4/1/1998,1111.75,0.009035526,0.125852355,0.195181956,0.327405269
5/1/1998,1090.819946,-0.019005693,0.038768295,0.13255481,0.251474132
6/1/1998,1133.839966,0.038680414,0.028710247,0.155626086,0.247619509
7/1/1998,1120.670044,-0.011683312,0.00799141,0.133843764,0.160693475
8/1/1998,957.280029,-0.157586079,-0.130588977,-0.091820682,0.062290291
9/1/1998,1017.01001,0.060526279,-0.108743112,-0.080032865,0.071027488
10/1/1998,1098.670044,0.077233438,-0.019826363,-0.011834953,0.183347003
11/1/1998,1163.630005,0.057444036,0.195203753,0.064614776,0.197169587
12/1/1998,1229.22998,0.054843507,0.189520981,0.080777869,0.236403955
1/1/1999,1279.640015,0.040190859,0.152478403,0.13265204,0.266495804
2/1/1999,1238.329956,-0.032815138,0.062219229,0.257422981,0.165602299
3/1/1999,1286.369995,0.038060632,0.045436354,0.234957335,0.15492447
4/1/1999,1335.180054,0.03724186,0.042487355,0.194965757,0.183130804
5/1/1999,1301.839966,-0.025287532,0.05001496,0.112234189,0.176848965
6/1/1999,1372.709961,0.053008237,0.064962565,0.110398919,0.191176788
7/1/1999,1328.719971,-0.032570809,-0.004850104,0.037637251,0.170289291
8/1/1999,1320.410034,-0.006273731,0.014163698,0.064178658,0.321601639
9/1/1999,1282.709961,-0.028967323,-0.067811863,-0.002849297,0.232108037
10/1/1999,1362.930054,0.060661837,0.025420783,0.020570679,0.215536436
11/1/1999,1388.910034,0.018882458,0.050576971,0.064740669,0.176974858
12/1/1999,1469.25,0.056232775,0.13577707,0.067965207,0.178364126
1/1/2000,1394.459961,-0.052244851,0.022870382,0.048291165,0.085928415
2/1/2000,1366.420044,-0.020313002,-0.016325078,0.034251893,0.098430551
3/1/2000,1498.579956,0.092323751,0.019765897,0.155542967,0.152693669
4/1/2000,1452.430054,-0.031279911,0.040730837,0.063601219,0.084171898
5/1/2000,1420.599976,-0.022158752,0.038885088,0.022560009,0.087300678
6/1/2000,1454.599976,0.023651632,-0.029787031,-0.010021134,0.057944072
7/1/2000,1430.829956,-0.016476268,-0.014983388,0.025747449,0.074038614
8/1/2000,1517.680054,0.058928224,0.066103588,0.104988675,0.139240568
9/1/2000,1436.51001,-0.054966321,-0.012514365,-0.042301396,0.113241571
10/1/2000,1429.400024,-0.004961775,-0.000999872,-0.01598326,0.047617959
11/1/2000,1314.949951,-0.083456188,-0.143384284,-0.077280696,-0.054720687
12/1/2000,1320.280029,0.004045252,-0.08437271,-0.096887075,-0.106908209
1/1/2001,1366.01001,0.034050232,-0.045360704,-0.046360576,-0.020613127
2/1/2001,1239.939941,-0.096831145,-0.058735661,-0.202119945,-0.097131269
3/1/2001,1160.329956,-0.066358534,-0.129139448,-0.213512158,-0.255813554
4/1/2001,1249.459961,0.074007017,-0.089182662,-0.134543366,-0.150526626
5/1/2001,1255.819946,0.005077276,0.012725759,-0.046009902,-0.123290598
6/1/2001,1224.380005,-0.025354105,0.053730188,-0.07540926,-0.172296335
7/1/2001,1211.22998,-0.010798242,-0.031075071,-0.120257733,-0.166618309
8/1/2001,1133.579956,-0.066255628,-0.102407975,-0.089682216,-0.291802161
9/1/2001,1040.939941,-0.085256633,-0.162310503,-0.108580315,-0.322092473
10/1/2001,1059.780029,0.017937272,-0.133574989,-0.16465006,-0.299193426
11/1/2001,1139.449951,0.07248428,0.005164919,-0.097243056,-0.143252958
12/1/2001,1148.079956,0.007545297,0.097966849,-0.064343654,-0.139752914
1/1/2002,1130.199951,-0.015696379,0.064333198,-0.069241791,-0.189499524
2/1/2002,1106.72998,-0.020984861,-0.029135943,-0.023971024,-0.11365324
3/1/2002,1147.390015,0.036080107,-0.000601133,0.097365716,-0.011214599
4/1/2002,1076.920044,-0.063384655,-0.048289409,0.016043789,-0.148606271
5/1/2002,1067.140015,-0.009122969,-0.036427517,-0.06556346,-0.162806516
6/1/2002,989.820007,-0.07521435,-0.147721974,-0.148323107,-0.212666761
7/1/2002,911.619995,-0.082299884,-0.166637204,-0.214926613,-0.284168404
8/1/2002,916.070007,0.004869558,-0.152644677,-0.189072194,-0.213043218
9/1/2002,815.280029,-0.116561141,-0.193991467,-0.341713442,-0.244347725
10/1/2002,885.76001,0.082914397,-0.028777186,-0.19541439,-0.179370601
11/1/2002,936.309998,0.055500571,0.021853827,-0.13079085,-0.19635431
12/1/2002,879.820007,-0.062229267,0.076185701,-0.117805766,-0.266128873
1/1/2003,855.700012,-0.027797488,-0.034526183,-0.06330337,-0.278229982
2/1/2003,841.150024,-0.01714983,-0.107176584,-0.085322757,-0.274394951
3/1/2003,848.179993,0.008322837,-0.03662448,0.039561221,-0.302152221
4/1/2003,916.919983,0.07792734,0.069100347,0.034574164,-0.160840226
5/1/2003,963.590027,0.049645712,0.135895889,0.028719305,-0.102071545
6/1/2003,974.5,0.011258598,0.13883165,0.10220717,-0.015598597
7/1/2003,990.309998,0.016093504,0.076997814,0.146098162,0.082794792
8/1/2003,1008.01001,0.017715356,0.045067458,0.180963347,0.095640591
9/1/2003,995.969971,-0.012016272,0.021792589,0.160624238,0.200185459
10/1/2003,1050.709961,0.05350426,0.059203345,0.136201159,0.170775323
11/1/2003,1058.199951,0.007103216,0.048591205,0.093658663,0.122377968
12/1/2003,1111.920044,0.049518985,0.110126462,0.13191905,0.23412622
1/1/2004,1131.130005,0.017128847,0.073751048,0.132954393,0.279052555
2/1/2004,1144.939941,0.012135045,0.078782877,0.127374082,0.30833743
3/1/2004,1126.209961,-0.016494204,0.012769688,0.12289615,0.283520388
4/1/2004,1107.300049,-0.016933315,-0.021292474,0.052458575,0.188659734
5/1/2004,1120.680054,0.012011028,-0.02141649,0.057366387,0.15102505
6/1/2004,1140.839966,0.017829111,0.012906825,0.025676513,0.157595563
7/1/2004,1101.719971,-0.034892235,-0.005052095,-0.026344569,0.106609824
8/1/2004,1104.23999,0.002284738,-0.014778386,-0.036194876,0.091179206
9/1/2004,1114.579956,0.009320306,-0.023287191,-0.010380366,0.112515784
10/1/2004,1130.199951,0.013916952,0.025521996,0.020469901,0.072928476
11/1/2004,1173.819946,0.037868777,0.061106035,0.04632765,0.103694036
12/1/2004,1211.920044,0.031942574,0.083728302,0.060441112,0.086117625
1/1/2005,1181.27002,-0.025615767,0.044195583,0.069717579,0.04337301
2/1/2005,1203.599976,0.018726898,0.025053704,0.086159739,0.049964863
3/1/2005,1180.589966,-0.019302761,-0.02619163,0.057536672,0.047156306
4/1/2005,1156.849976,-0.020313511,-0.020889374,0.023306209,0.043776109
5/1/2005,1191.5,0.029512244,-0.010104028,0.014949676,0.061277325
6/1/2005,1191.329956,-0.000142724,0.009056008,-0.017135622,0.04330549
7/1/2005,1234.180054,0.035336533,0.064706052,0.043816678,0.113534257
8/1/2005,1220.329956,-0.011285548,0.02390826,0.013804232,0.099963971
9/1/2005,1228.810059,0.006924991,0.030975976,0.040031985,0.097568657
10/1/2005,1207.01001,-0.017900034,-0.02226059,0.042445462,0.065751671
11/1/2005,1249.47998,0.034581213,0.023606171,0.047514431,0.062464107
12/1/2005,1248.290039,-0.000952803,0.015728377,0.046704353,0.029568731
1/1/2006,1280.079956,0.025147896,0.058776306,0.036515716,0.080332394
2/1/2006,1280.660034,0.000453055,0.024648148,0.048254319,0.062058551
3/1/2006,1294.869995,0.011034704,0.036635654,0.052364031,0.092396015
4/1/2006,1310.609985,0.012082366,0.023570125,0.082346431,0.124791893
5/1/2006,1270.089966,-0.031404929,-0.008287859,0.016360289,0.06387472
6/1/2006,1270.199951,8.66E-05,-0.01923597,0.017399684,0.064104037
7/1/2006,1276.660034,0.005072989,-0.026245347,-0.002675222,0.033840494
8/1/2006,1303.819946,0.021051057,0.026210638,0.017922779,0.066177098
9/1/2006,1335.849976,0.0242694,0.050393446,0.031157475,0.083521506
10/1/2006,1377.939941,0.031021812,0.076342268,0.050096921,0.132443352
11/1/2006,1400.630005,0.016332552,0.071623763,0.097834402,0.11419469
12/1/2006,1418.300049,0.012536867,0.05989123,0.110284676,0.12768436
1/1/2007,1438.23999,0.013961131,0.042830549,0.119172818,0.116497595
2/1/2007,1406.819946,-0.022088337,0.004409661,0.076033424,0.093956203
3/1/2007,1420.859985,0.009930512,0.001803306,0.061694536,0.092852011
4/1/2007,1482.369995,0.042379843,0.030222018,0.073052567,0.123149489
5/1/2007,1530.619995,0.032030724,0.084341079,0.08875074,0.186585141
6/1/2007,1503.349976,-0.017976944,0.056433624,0.058236929,0.168521605
7/1/2007,1455.27002,-0.032504471,-0.018450691,0.011771327,0.130944145
8/1/2007,1473.98999,0.012781539,-0.037699876,0.046641203,0.122674627
9/1/2007,1526.75,0.03516829,0.015445358,0.071878982,0.133573518
10/1/2007,1549.380005,0.014713561,0.06266339,0.044212699,0.117265267
11/1/2007,1481.140015,-0.045042782,0.004839069,-0.032860807,0.055889933
12/1/2007,1468.359985,-0.00866595,-0.038995172,-0.023549814,0.034687116
1/1/2008,1378.550049,-0.063113864,-0.116822596,-0.054159206,-0.042387879
2/1/2008,1330.630005,-0.03537974,-0.107159554,-0.102320485,-0.055679282
3/1/2008,1322.699951,-0.005977453,-0.104471057,-0.143466228,-0.071587247
4/1/2008,1385.589966,0.046450952,0.005093759,-0.111728837,-0.067516138
5/1/2008,1400.380005,0.010617615,0.051091114,-0.05606844,-0.088929247
6/1/2008,1280,-0.089883554,-0.032814987,-0.137286044,-0.160835857
7/1/2008,1267.380005,-0.009908297,-0.089174236,-0.084080476,-0.138239683
8/1/2008,1282.829956,0.012116759,-0.087675091,-0.036583977,-0.138904462
9/1/2008,1166.359985,-0.095180765,-0.092972303,-0.12578729,-0.269253518
10/1/2008,968.75,-0.185636474,-0.26870048,-0.357874715,-0.469603552
11/1/2008,896.23999,-0.077798358,-0.358615596,-0.446290688,-0.502359128
12/1/2008,903.25,0.007791147,-0.255643684,-0.348615987,-0.48590203
1/1/2009,825.880005,-0.089549879,-0.15955709,-0.42825757,-0.512338046
2/1/2009,735.090027,-0.116456513,-0.198215246,-0.556830842,-0.59341482
3/1/2009,797.869995,0.081952693,-0.124053699,-0.379697384,-0.505484673
4/1/2009,872.809998,0.089772219,0.055268399,-0.104288691,-0.462163407
5/1/2009,919.140015,0.051720577,0.223445489,0.025230243,-0.421060444
6/1/2009,919.320007,0.000195807,0.141688603,0.017634904,-0.330981083
7/1/2009,987.47998,0.071521949,0.123438334,0.178706733,-0.249550837
8/1/2009,1020.619995,0.033009337,0.104727093,0.328172582,-0.22865826
9/1/2009,1057.079956,0.035100067,0.139631353,0.281319957,-0.098377427
10/1/2009,1036.189941,-0.019959881,0.048149524,0.171587857,0.067299166
11/1/2009,1095.630005,0.055779077,0.070919264,0.175646357,0.200876601
12/1/2009,1115.099976,0.017614521,0.053433717,0.193065071,0.210699974
1/1/2010,1073.869995,-0.037675124,0.035718474,0.083867997,0.26257473
2/1/2010,1104.48999,0.02811474,0.008054136,0.0789734,0.407145982
3/1/2010,1169.430054,0.057132816,0.047572431,0.101006148,0.382326105
4/1/2010,1186.689941,0.014651372,0.099898928,0.135617401,0.307205259
5/1/2010,1089.410034,-0.085531573,-0.013747384,-0.005693248,0.169953109
6/1/2010,1030.709961,-0.055388449,-0.126268649,-0.078696218,0.114368852
7/1/2010,1101.599976,0.066515799,-0.074404223,0.025494705,0.109362702
8/1/2010,1049.329956,-0.048611823,-0.037484473,-0.051231858,0.027741542
9/1/2010,1141.199951,0.083928474,0.10183245,-0.024436199,0.076569949
10/1/2010,1183.26001,0.036193052,0.071509703,-0.00289452,0.132722882
11/1/2010,1180.550049,-0.002292876,0.11782865,0.080344177,0.074650928
12/1/2010,1257.640015,0.063256488,0.097156663,0.198989113,0.120292895
1/1/2011,1286.119995,0.022392969,0.083356581,0.154866284,0.180360989
2/1/2011,1327.219971,0.031456577,0.117106034,0.234934684,0.183702826
3/1/2011,1325.829956,-0.001047862,0.052801684,0.149958348,0.125522148
4/1/2011,1363.609985,0.028096939,0.058505654,0.141862234,0.138967715
5/1/2011,1345.199951,-0.013592919,0.013456157,0.130562191,0.210906368
6/1/2011,1320.640015,-0.018426186,-0.003922166,0.048879518,0.247868632
7/1/2011,1292.280029,-0.021708356,-0.053727461,0.004778192,0.159644476
8/1/2011,1218.890015,-0.058467502,-0.098602044,-0.085145886,0.149788798
9/1/2011,1131.420044,-0.074467101,-0.154642959,-0.158565125,-0.008606778
10/1/2011,1253.300049,0.102306592,-0.030628011,-0.084355472,0.057506762
11/1/2011,1246.959961,-0.005071554,0.022767937,-0.075834107,0.054728085
12/1/2011,1257.599976,0.008496566,0.105731604,-0.048911355,-3.18E-05
1/1/2012,1312.410034,0.042660044,0.046085056,0.015457045,0.020235237
2/1/2012,1365.680054,0.039787345,0.090943955,0.113711892,0.028566005
3/1/2012,1408.469971,0.030851476,0.113298865,0.219030468,0.060465343
4/1/2012,1397.910034,-0.0075257,0.063113121,0.109198177,0.024842705
5/1/2012,1310.329956,-0.064699308,-0.041373532,0.049570422,-0.026263684
6/1/2012,1362.160034,0.03879272,-0.033432288,0.079866576,0.030955221
7/1/2012,1379.319946,0.012518885,-0.013387703,0.049725417,0.065182462
8/1/2012,1406.579956,0.01957061,0.070882215,0.029508682,0.143220574
9/1/2012,1440.670044,0.023947119,0.056036614,0.022604325,0.241634794
10/1/2012,1412.160034,-0.019987843,0.023529886,0.010142183,0.119340359
11/1/2012,1416.180054,0.002842673,0.006801949,0.077684164,0.127254586
12/1/2012,1426.189941,0.007043368,-0.010101802,0.045934811,0.125801388
1/1/2013,1498.109985,0.049197792,0.059083832,0.082613719,0.132339136
2/1/2013,1514.680054,0.010999928,0.067241087,0.074043036,0.103551719
3/1/2013,1569.189941,0.035355294,0.095553013,0.085451211,0.108055537
4/1/2013,1597.569946,0.017924166,0.064279387,0.12336322,0.133505403
5/1/2013,1630.73999,0.020550202,0.073829662,0.141070749,0.218754913
6/1/2013,1606.280029,-0.015112929,0.02336144,0.118914453,0.164849264
7/1/2013,1685.72998,0.048277728,0.053715002,0.117994389,0.200608108
8/1/2013,1632.969971,-0.031798268,0.001366532,0.075196194,0.14923923
9/1/2013,1681.550049,0.029315591,0.045795052,0.069156491,0.154607703
10/1/2013,1756.540039,0.043629971,0.041147295,0.094862296,0.218225516
11/1/2013,1805.810059,0.02766329,0.100608852,0.101975384,0.243046133
12/1/2013,1848.359985,0.023289474,0.094582735,0.140377787,0.25929224
1/1/2014,1782.589966,-0.036231407,0.014721357,0.055868651,0.17386304
2/1/2014,1859.449951,0.042213375,0.029271441,0.129880294,0.205076488
3/1/2014,1872.339966,0.006908249,0.012890216,0.107472951,0.176629442
4/1/2014,1883.949951,0.006181643,0.055303267,0.070024623,0.16488692
5/1/2014,1923.569946,0.020812196,0.033902088,0.063173529,0.165148913
6/1/2014,1960.22998,0.018878997,0.045872836,0.058763052,0.199140839
7/1/2014,1930.670044,-0.015194687,0.024496505,0.079799772,0.135668423
8/1/2014,2003.369995,0.036963644,0.040647954,0.074550041,0.204430335
9/1/2014,1972.290039,-0.015635436,0.006133521,0.052006357,0.159479308
10/1/2014,2018.050049,0.022936399,0.044264607,0.068761112,0.138785736
11/1/2014,2067.560059,0.024237474,0.031538437,0.07218639,0.135359919
12/1/2014,2058.899902,-0.004197385,0.042976488,0.049110009,0.107873061
1/1/2015,1994.98999,-0.031532779,-0.01149269,0.032771917,0.112571689
2/1/2015,2104.5,0.053438876,0.017708713,0.049247149,0.123797191
3/1/2015,2067.889893,-0.017549197,0.0043569,0.047333388,0.099339745
4/1/2015,2085.51001,0.008484722,0.044374402,0.032881712,0.101642824
5/1/2015,2107.389893,0.01043673,0.001372255,0.019080968,0.091267358
6/1/2015,2063.110107,-0.021235559,-0.002314107,0.002042793,0.051152802
7/1/2015,2103.840088,0.019549683,0.008750854,0.053125255,0.085897172
8/1/2015,1972.180054,-0.064624731,-0.066310607,-0.064938352,-0.015691203
9/1/2015,1920.030029,-0.026798731,-0.071873779,-0.074187886,-0.026854498
10/1/2015,2079.360107,0.079719379,-0.011704083,-0.002953229,0.029928483
11/1/2015,2080.409912,0.000504742,0.05342539,-0.012885217,0.006195751
12/1/2015,2043.939941,-0.017685659,0.062538463,-0.009335316,-0.007292523
1/1/2016,1940.23999,-0.052067617,-0.069248534,-0.080952617,-0.027827361
2/1/2016,1932.22998,-0.004136906,-0.073890181,-0.020464791,-0.085403143
3/1/2016,2059.73999,0.06390499,0.007700468,0.07023893,-0.003948956
4/1/2016,2065.300049,0.002695762,0.062463846,-0.006784687,-0.009737916
5/1/2016,2096.949951,0.015208367,0.081809119,0.007918937,-0.00496628
6/1/2016,2098.860107,0.000910506,0.018814635,0.026515102,0.017179786
7/1/2016,2173.600098,0.034990433,0.051109306,0.113573153,0.032620536
8/1/2016,2170.949951,-0.001219987,0.034680953,0.116490071,0.09602528
9/1/2016,2168.27002,-0.001235213,0.032535233,0.051349867,0.121588798
10/1/2016,2126.149902,-0.019616837,-0.022072038,0.029037268,0.022252581
11/1/2016,2198.810059,0.033603545,0.012751495,0.047432447,0.055351384
12/1/2016,2238.830078,0.018037111,0.032023819,0.064559052,0.091074154
1/1/2017,2278.870117,0.017726315,0.069366971,0.047294933,0.160868086
2/1/2017,2363.639893,0.036523001,0.072286427,0.085037921,0.201527992
3/1/2017,2362.719971,-0.000389273,0.053860043,0.085883862,0.137233729
4/1/2017,2384.199951,0.009050132,0.04518386,0.114550831,0.1435881
5/1/2017,2411.800049,0.011509759,0.020170619,0.092457045,0.139889492
6/1/2017,2423.409912,0.004802226,0.025362117,0.07922216,0.143781212
7/1/2017,2470.300049,0.019164018,0.035476003,0.080659863,0.127954796
8/1/2017,2471.649902,0.000546284,0.024512527,0.044683146,0.129721067
9/1/2017,2519.360107,0.019119039,0.038829341,0.064191458,0.15007532
10/1/2017,2575.26001,0.02194556,0.041610883,0.077086886,0.191637717
11/1/2017,2584.840088,0.003713141,0.04477774,0.069290268,0.161747313
12/1/2017,2673.610107,0.033766015,0.059424716,0.098254056,0.177476216
1/1/2018,2823.810059,0.054657399,0.092136554,0.133747437,0.2144073
2/1/2018,2713.830078,-0.039726108,0.048697305,0.093475046,0.138158192
3/1/2018,2640.870117,-0.027252497,-0.012321207,0.047103509,0.111294967
4/1/2018,2648.050049,0.002715086,-0.064263519,0.027873035,0.104959921
5/1/2018,2705.27002,0.021378191,-0.00315922,0.045538085,0.114828353
6/1/2018,2718.370117,0.004830749,0.028924026,0.01660282,0.114856876
7/1/2018,2816.290039,0.035387951,0.061596891,-0.002666628,0.131080809
8/1/2018,2901.52002,0.029814315,0.070033015,0.066873794,0.16034884
9/1/2018,2913.97998,0.004285093,0.069487358,0.098411385,0.145514894
10/1/2018,2711.73999,-0.071929346,-0.037829938,0.023766953,0.051639988
11/1/2018,2760.169922,0.017701752,-0.049942501,0.020090514,0.065628599
12/1/2018,2506.850098,-0.09626522,-0.150492813,-0.081005455,-0.064402635
1/1/2019,2704.100098,0.075742152,-0.002821316,-0.040651254,-0.043317882
2/1/2019,2784.48999,0.029295553,0.008772485,-0.041170015,0.025703779
3/1/2019,2834.399902,0.017765511,0.122803216,-0.027689597,0.070721787
4/1/2019,2945.830078,0.038560397,0.085621462,0.082800146,0.106567099
5/1/2019,2752.060059,-0.068040894,-0.011714986,-0.0029425,0.017148014
6/1/2019,2941.76001,0.066658301,0.037177805,0.159981021,0.078975566
7/1/2019,2980.379883,0.013042725,0.011660132,0.097281594,0.05663034
8/1/2019,2926.459961,-0.018257282,0.061443745,0.049728759,0.008558744
9/1/2019,2976.73999,0.01703525,0.011820694,0.048998499,0.021308901
10/1/2019,3037.560059,0.020225842,0.019003811,0.030663943,0.113464089
11/1/2019,3140.97998,0.033480266,0.070741359,0.132185103,0.129242603
12/1/2019,3230.780029,0.028188756,0.081894865,0.093715558,0.253696579
1/1/2020,3225.52002,-0.001629419,0.060039603,0.079043414,0.176325008
2/1/2020,2954.219971,-0.087859537,-0.0613002,0.009441159,0.059169918
3/1/2020,2554.89,-0.248188712,-0.337677668,-0.255782804,-0.206784305
4/1/2020,2912.43,-0.014246863,-0.103735819,-0.021840954,0.027157544
,,,,,
